url,coinId,poolId
http://bytecoin-pool.org,3,81
http://bcn.mypool.online,3,82
http://bcn.jedipool.com,3,83
https://easyhash.pro/bcn,3,84
https://bytecoin.fairhash.org,3,85
http://bcn.superpools.online,3,86
https://bytecoin.pt,3,87
https://etn.spacepools.org,9,88
http://electroneum.fairhash.org,9,89
http://etn.crypto-coins.club,9,90
http://www.etn.rustyblock.com,9,91
http://etn.jedipool.com,9,92
http://etnminers.com,9,93
http://electroneum.mining-pool.info,9,94
https://electroneumpool.co.uk,9,95
https://etnpool.supportcryptonight.com,9,96
https://cryptoknight.cc/etn,9,97
http://etn.proxpool.com,9,98
https://etn.miner.rocks,9,99
http://etn.superpools.online,9,100
https://easyhash.pro/etn,9,101
https://newpool.pw/etn,9,102
http://etn.bubblemine.com,9,103
https://walpool.com/etn,9,104
https://etn.smartcoinpool.com,9,105
https://sumo.spacepools.org,26,106
https://sumokoin-pool.com,26,107
https://sumopool.eu,26,108
https://sumokoin.miner.rocks,26,109
https://cryptoknight.cc/sumo,26,110
http://sumo.superpools.online,26,111
https://easyhash.pro/sumo,26,112
https://sumokoin.fairhash.org,26,113
https://sumo.smartcoinpool.com,26,114
https://sumo.codpool.com,26,115
http://sumo.bubblemine.com,26,116
https://sumo.minercountry.com,26,117
https://xmc.fairhash.org,135,118
http://xmc.superpools.online,135,119
https://moneroclassic.smartcoinpool.com,135,120
http://poolmining2.dinastycoin.com,6,121
http://dcy.crypto-coins.club,6,122
http://dcy.mypool.online,6,123
https://easyhash.pro/dcy,6,124
https://crypto9coin.cf/dcy,6,125
http://krb.hashgang.io,18,126
https://cryptoknight.cc/karbo,18,127
http://krb.crypto-coins.club,18,128
http://krb.sberex.com,18,129
https://krb.miner.rocks,18,130
http://pool.karbowanec.com,18,131
http://krb.cryptonotepool.com,18,132
http://karbo-pool.pp.ua,18,133
http://krb.kopanka.com,18,134
http://krb.pool.ualinux.com,18,135
https://krbpool.pp.ua,18,136
http://krb.mine.nu:8080,18,137
http://krb.mypool.online,18,138
https://karbo.fairhash.org,18,139
http://krb.superpools.online,18,140
http://krb.sintezpool.com,18,141
https://karbopool.razornetworks.net,18,142
https://easyhash.pro/krb,18,143
https://newpool.pw/karbo,18,144
http://pool.dero.live,7,145
https://easyhash.pro/dero,7,146
https://dero.miner.rocks,7,147
https://dero.fairhash.org,7,148
http://dero.superpools.online,7,149
https://dero.omine.org,7,150
https://dero.smartcoinpool.com,7,151
https://walpool.com/dero,7,152
https://newpool.pw/dero,7,153
http://ncp.superpools.online,36,154
http://www.newtoncoin.club,36,155
http://ncp.4miner.me,36,156
https://newpool.pw/ncp,36,157
http://ncp.ms-pool.net.ua,36,158
https://newton.fairhash.org,36,159
https://easyhash.pro/ncp,36,160
https://getpool.org/ncp,36,161
http://poolway.pw/ncp,36,162
https://walpool.com/ncp,36,163
https://newton.smartcoinpool.com,36,164
http://x12pool.com,148,165
https://x12.fairhash.org,148,166
https://easyhash.pro/x12,148,167
http://x12pool.club,148,168
https://walpool.com/x12,148,169
https://x12.hashit.pro,148,170
https://easyhash.pro/plura,21,171
http://plura.superpools.online,21,172
https://walpool.com/plura,21,173
http://superblockchain.con-ip.com/plura,21,174
https://plurapool.com,21,175
https://plura.minercountry.com,21,176
http://pool.boldprivate.network,154,177
http://eupool.boldprivate.network,154,178
http://bold.superpools.online,154,179
http://youpool.io/BOLD,154,180
https://getpool.org/bold,154,181
https://pool.bitcoinote.org,42,182
https://cryptoknight.cc/btcn,42,183
https://btcn.algohash.com,42,184
https://crypto9coin.cf/btcn,42,185
https://getpool.org/btcn,42,186
https://monero.spacepools.org,1,187
http://minexmr.com,1,188
https://monero.crypto-pool.fr,1,189
http://xmr.prohash.net,1,190
https://monerohash.com,1,191
https://web.xmrpool.eu,1,192
http://monero.miners.pro,1,193
https://pooldd.com,1,194
https://monero.miner.rocks,1,195
https://monero.fairhash.org/,1,196
http://xmr-pool.ucrypto.net,1,197
https://mychainpools.com,1,198
https://xmr.omine.org,1,199
https://cryptoknight.cc/monero,1,200
https://multipooler.com,1,201
https://europeanpool.com,1,202
http://mmmoneropool.com,1,203
http://monero.rnetpool.com.br,1,204
http://xmr.bubblemine.com,1,205
https://xmr.steadyhash.org,1,206
https://xmr.minercountry.com,1,207
https://walpool.com/xmr,1,208
http://pocketminer.co.uk/pool,1,209
https://easyhash.pro/xdn,145,211
https://digitalnote.fairhash.org,145,212
http://xdn.superpools.online,145,213
https://xdn.ecoinshub.net,145,214
https://xdn.minercountry.com,145,215
https://qrl.miner.rocks,157,218
http://www.qrlpool.com,157,219
http://quantum.multipool.xyz,157,220
http://minilaro.computer-pig.net,157,221
http://qrl.aeropool.xyz,157,222
http://qrlmining.info,157,223
http://qrl.cryptorarium.net,157,224
https://www.mineqrl.net,157,225
https://walpool.com/qrl,157,226
http://pool-best.hopto.org,47,227
http://sum.gonspool.com,47,228
https://bitsum.smartcoinpool.com,47,229
https://cryptoknight.cc/haven,31,230
https://haven.miner.rocks,31,231
https://xhv.codpool.com,31,232
https://pool.havenprotocol.com,31,233
http://pool.haven.frackingminer.com,31,234
https://xhv.bluerockpools.net,31,235
https://xhv.etnminers.com,31,236
https://haven.minersunite.net,31,237
https://xhv.steadyhash.org,31,238
https://xhv.tokyocnmn.info,31,239
https://haven.fairhash.org,31,240
https://newpool.pw/haven,31,241
https://walpool.com/xhv,31,242
http://graftpool.net,12,243
https://cryptoknight.cc/graft,12,244
https://graft.spacepools.org,12,245
http://graft.fastpool.eu,12,246
https://graft.miner.rocks,12,247
https://graft.anypool.net,12,248
http://graft.gonspool.com,12,249
http://grft.proxpool.com,12,250
http://graft.usaminingpool.com,12,251
https://pool.graft.community,12,252
https://graft.europools.tech,12,253
https://graft.minersunite.net,12,254
https://graft.cool-pool.net,12,255
http://graft.bloxcruncha.io,12,256
http://cryptopool.top,12,257
http://graft.rnetpool.com.br,12,258
https://graft.eruptionmining.com,12,259
https://grft.cryptoblock.uk,12,260
http://graftpool.graft.mnlabs.net,12,262
https://walpool.com/graft,12,263
https://mining.bit.tube,13,264
https://mining2.bit.tube,13,265
https://cryptoknight.cc/ipbc,13,266
https://bittube.fairhash.org,13,267
https://bittube.miner.rocks,13,268
https://tube.bluerockpools.net,13,269
https://newpool.pw/tube,13,270
https://tube.steadyhash.org,13,271
https://walpool.com/tube,13,272
https://loki.miner.rocks,100,273
https://cryptoknight.cc/loki,100,274
http://us-east2.lokipool.cloud,100,276
http://loki.lowfeepool.net,100,277
http://loki.bitdharma.com,100,279
https://loki.fairhash.org,100,280
https://loki.forgetop.com,100,281
https://loki.bluerockpools.net,100,282
https://loki.codpool.com,100,283
https://walpool.com/loki,100,284
https://cryptoknight.cc/stellite,33,285
https://xtlpool.com,33,286
https://stellite.miner.rocks,33,287
https://stellite.anypool.net,33,288
https://xtl.codpool.com,33,289
https://stellite.fairhash.org,33,290
http://xtl.proxpool.com,33,291
http://dearmon.zone/stellite,33,292
https://stellite.miningpoolhouse.com,33,293
http://xtl.superpools.online,33,294
https://xtl.bluerockpools.net,33,295
https://stellite.blockfoundry.org,33,296
https://xtl.thepiratemine.nl,33,297
http://stellite.smartcoinpool.com,33,298
https://stellite.my-mining-pool.de,33,299
https://xtl.steadyhash.org,33,300
http://stellite.ethospool.org,33,301
https://xtl.cryptoblock.uk,33,302
http://xtl.miningpool.id,33,303
http://pocketminer.co.uk/pool/xtl,33,304
https://aeon-pool.com,82,305
https://aeonhash.com,82,306
https://aeon-mine.com,82,307
http://aeon.cryptoserb.com,82,308
https://aeon.miner.rocks,82,309
https://cryptoknight.cc/aeon,82,310
http://aeon.superpools.online,82,311
https://aeon.smartcoinpool.com,82,312
https://aeon-pool.mine.nu,82,313
https://walpool.com/aeon,82,314
http://aeon-pool.net,82,315
https://ryo.miner.rocks,131,316
https://pool.ryo-currency.com,131,317
http://pool.ryo-currency.eu,131,318
http://pool.ryo-currency.ru,131,319
http://miner-coin.eu/ryo,131,320
https://ryo.anypool.net,131,321
https://ryo.smartcoinpool.com,131,322
https://ryo.blockfoundry.org,131,323
https://ryo.codpool.com,131,324
https://ryo.miners.pro,131,325
https://walpool.com/ryo,131,326
https://cryptoknight.cc/ryo,131,327
https://cryptoknight.cc/msr,19,328
http://www.masaripool.com,19,329
http://id.masari.network,19,330
http://msr.ocukminingpool.com,19,331
http://masari.hashparty.io,19,332
https://masari.miner.rocks,19,333
https://masari.fairhash.org,19,334
http://masari.altaran.us,19,335
https://msr.optimusblue.com,19,336
https://msr.bluerockpools.net,19,337
https://msr.codpool.com,19,338
https://walpool.com/msr,19,339
https://masari.blockfoundry.org,19,340
http://pool.batminer.network,19,341
http://eu.turtlepool.space,29,342
http://us.turtlepool.space,29,343
http://hk.turtlepool.space,29,344
https://trtl.mine2gether.com,29,345
https://cryptoknight.cc/turtle,29,346
http://ny.minetrtl.us,29,347
https://turtle.mining.garden,29,348
http://turtle.mine.nu,29,349
http://trtl.proxpool.com,29,350
https://trtl.cryptohispano.net,29,352
https://trtl.bluerockpools.net,29,353
https://turtle.casa,29,354
http://turtle.smartcoinpool.com,29,355
https://trtl.codpool.com,29,356
https://trtl.heigh-ho.funkypenguin.co.nz,29,357
https://intense.fairhash.org/,16,359
http://itns.proxpool.com,16,360
http://itns.avensat.com,16,362
https://cryptoknight.cc/itns,16,363
https://lethean.minercountry.com,16,364
https://crypto9coin.cf/b2n,105,366
http://youpool.io/B2N,105,367
http://b2n.hashpool.frl,105,368
http://b2n.simpool.xyz,105,369
http://superiorcoinpool.com,27,370
https://superiorcoin.minandoando.com,27,371
https://boolberry.miner.rocks,89,372
http://mining.blue,89,373
http://bbr.miningclub.info,89,374
http://bbr.poolto.be,89,375
http://mbkpool.info,89,376
http://alpha.ultranote.org,34,377
http://beta.ultranote.org,34,378
http://delta.ultranote.org,34,379
http://gamma.ultranote.org,34,380
http://pluto.ultranote.org,34,381
https://xmv.codpool.com,103,382
https://cryptoknight.cc/monerov,103,383
https://monerov.fairhash.org,103,384
https://xmv.magnificentpool.com,103,385
http://supportmonerov.com,103,386
http://xmv.superpools.online,103,387
http://pool.bbscoin.xyz,58,388
https://cryptoknight.cc/bbs,58,389
http://bbs.gonspool.com,58,390
https://bbscoin.my-mining-pool.de,58,391
https://bbs.codpool.com,58,392
https://bbs.hashmine.top,58,393
http://pool.intucoin.com,96,394
http://pool.jp.intucoin.com,96,395
https://walpool.com/intu,96,396
http://youpool.io/INTU,96,397
http://intu.superpools.online,96,399
http://elyapool.com,43,400
https://cryptoknight.cc/elya,43,401
http://elya.gonspool.com,43,402
https://elya.smartcoinpool.com,43,403
https://elya.thepiratemine.nl,43,404
https://alloypool.com,30,405
https://cryptoknight.cc/alloy,30,406
http://alloy.corpopool.com,30,407
https://xao.mine2gether.com,30,408
http://alloy.arhash.xyz,30,409
https://alloy.my-mining-pool.de,30,410
http://xao.jbarbieri.net,30,411
https://pool.italocoin.com,15,412
https://cryptoknight.cc/italo,15,413
https://italo.minersunite.net,15,414
https://ita.codpool.com,15,415
https://italo.smartcoinpool.com,15,416
https://ita.arhash.xyz,15,417
https://uspool.electronero.org,120,418
https://etnx.thorshammer.cc,120,419
https://bitcoincave.ro,120,420
https://etnx.crypto-pool.pro,120,421
http://etnx.hashparty.net,120,422
https://electroneum-classic.clevery.xyz,158,423
https://classic.etnminers.com,158,424
http://the-miners.de,158,425
https://etnc.thepiratemine.nl,158,426
http://etnc.magnificentpool.com,158,427
http://etnc.cnhub.de,158,428
https://cryptoknight.cc/triton,245,429
https://triton.my-mining-pool.de,245,430
https://triton.smartcoinpool.com,245,431
https://newpool.pw/triton,245,432
https://triton.minercountry.com,245,433
https://triton.clevery.xyz,245,434
https://triton.cnpools.space,245,435
https://trit.codpool.com,245,436
https://triton.miningpoolhouse.com,245,437
https://cryptoknight.cc/iridium,14,439
https://irdpool.eu,14,440
https://iridium.clevery.xyz,14,441
https://irdpool.fr,14,442
https://irdpool.ca,14,443
https://ird.codpool.com,14,444
http://iridiumpool.duckdns.org,14,445
http://coinpoolit.webhop.me,14,446
http://iridium.miningpoolhouse.com,14,447
https://iridium.cnpools.space,14,448
http://ird.cryptoisme.com,14,449
https://irdpool.net,14,450
http://ird.wahaobi.com,14,451
https://iridium.smartcoinpool.com,14,452
https://saronite.miner.rocks,114,453
http://saronite.smartcoinpool.com,114,455
https://arq.multiminer.us,137,456
https://cryptoknight.cc/arq,137,457
https://arqma.miningpoolhouse.com,137,458
https://getpool.org/arq,137,459
https://arqma.smartcoinpool.com,137,460
http://arqma.cryptoisme.com,137,461
https://arqma.minersunite.net,137,462
http://arqma.disjampools.us,137,463
http://arq.aeropool.xyz,137,464
https://arq.cryptohispano.net,137,465
https://arqma.my-mining-pool.de,137,466
http://zbk.aeropool.xyz,160,467
https://zbucks.blockfoundry.org,160,468
https://zbk.scecf.org,160,469
http://zbk.wahaobi.com,160,470
http://pool.nxboost.com,62,471
http://pool-rus.nxboost.com,62,472
http://pool-us.nxboost.com,62,473
https://newpool.pw/nxb,62,474
http://youpool.io/NXB,62,475
https://purk.miner.rocks,99,476
http://poolpurk.ominousnetwork.com,99,477
http://purk.circusmining.com,99,478
https://xlc.dark-mine.su,32,479
http://xlc.crypto-coins.club,32,480
https://leviar.fairhash.org,32,481
http://www.supportxlc.com,32,482
https://leviar.my-mining-pool.de,32,483
http://minexcash.com,178,484
https://xcash.arhash.xyz,178,485
http://xca.hashparty.net,178,486
http://youpool.io/XCASH,178,487
https://xiaopool.com/xca,178,488
https://x-cash.my-mining-pool.de,178,489
http://xca.mineme.stream,178,490
https://xca.bluerockpools.net,178,491
http://xca.rubypool.com,178,492
https://xca.cryptogains.fr,178,493
https://xdrop.miner.care,155,494
http://xdrop.simpool.xyz,155,495
http://pool.xdrop.io,155,496
http://xdrop.efectivepool.pro,155,497
https://xdrop.cryptohispano.net,155,498
https://xdrop.my-mining-pool.de,155,499
https://42.cnpools.space,172,500
http://pool.coin42.co,172,501
http://eupool.coin42.co,172,502
https://fourtytwo.scecf.org,172,503
http://know.miningpool.gq/42,172,504
http://mutex.hashparty.io,112,505
http://mine.mutexcurrency.io,112,506
https://mutx.bluerockpools.net,112,507
https://mutex.minersunite.net,112,508
https://supportxmr.com,1,509
http://cryptoknight.cc/b2b,2,510
https://bytecoin.uk,3,511
http://coal.evmpool.com,4,512
https://crep.miner.rocks,5,513
http://poolmining1.dinastycoin.com,6,514
http://dero.cryptopool.space,7,515
https://pool.edollar.cash,8,516
https://electroneum.hashvault.pro,9,517
http://173.212.213.225,10,518
https://karbo.hashvault.pro,18,525
https://masari.hashvault.pro,19,526
https://cryptoknight.cc/ombre,20,527
https://api.plurapool.com,21,528
https://qwertycoin.site,23,529
http://pool.arto.cash,24,530
http://45.32.213.246,25,531
https://sumokoin.hashvault.pro,26,532
https://goldenhillpool.com,28,534
https://trtl.semipool.com,29,535
http://62.210.254.5,32,538
https://communitypool.stellite.cash,33,539
http://nbr.ciapool.com,37,542
https://bsm.cryptopool.space,47,547
http://miner.balkancoin.org,49,548
http://worktips.work,52,550
http://spot.hashpool.frl,53,551
https://tyche.simpool.xyz,57,553
http://mine.klondikepool.com/,66,557
http://mine.wownero.com,67,558
http://gallion.ddns.net,68,559
http://snowflake.cf,74,560
https://croat-api.pool.cat,75,561
http://api.nnc.mypool.online,77,562
http://youpool.io/LTL/,78,563
https://rd.xpool.zone,79,564
http://incognitopool.ga,81,565
https://api.aeonminingpool.com,82,566
http://pool.cadex.xyz,83,567
http://pool.kepl.org,84,568
https://pool.solace-coin.com,85,569
http://una.fastpool.eu,86,570
http://pool.myspes.org,87,571
http://45.76.251.222,88,572
https://bbr.luckypool.io,89,573
https://ctl.mine2gether.com,91,574
http://pool.bitcoinn.biz,93,575
http://youpool.io/LBIT/,101,579
https://api-xmv.leafpool.com,103,580
http://festminer.com/,104,581
https://pool.bitcoin2.network,105,582
http://mutex-pool.hashparty.io,112,585
https://bloc-mining.us,113,586
https://pool.saronite.io,114,587
http://poolmining.us,115,588
http://mine.geemexplorer.com,116,589
http://pool.halykcoin.org,117,590
https://pool.galluscoin.com,118,591
https://pool.macscoin.site,119,592
http://pool.latincashcoin.com,121,594
http://know.miningpool.gq,122,595
http://youpool.io/EXN/,123,596
http://45.76.233.217,125,597
https://pool.bixbite.pro,126,598
http://youpool.io/KHK,129,600
https://getpool.org/recl/,130,601
http://pool.myztic.cash,132,603
http://pool.mananet.net,136,605
https://arqma.herominers.com,137,606
https://pool.catalyst.cash,138,607
http://yeahnahdunno.com,139,608
https://pool.getlotto.io,140,609
http://pool.egamecash.org,141,610
https://api.ccx.heigh-ho.funkypenguin.co.nz,142,611
https://pool-us.wrkz.work,143,612
http://www.stardustco.org,144,613
http://pool.dopplersite.com,146,614
http://mine.x12pool.com,148,615
https://pool.simplecoin.rocks,149,616
https://pool.goprivatepay.com,152,619
http://104.168.144.234,153,620
http://66.42.67.182,154,621
https://pool.xdrop.io,155,622
http://qrl.quantapool.com,157,623
http://api-bbr.4miner.me,159,625
https://zbucks.luckypool.io,160,626
https://www.cnpool.vip,162,627
http://youpool.io/GORO,164,628
http://www.pincheira.org,167,629
http://131.221.32.79,168,630
https://pool.koson-currency.com,169,631
https://crypto9coin.cf/drgl,171,632
https://crypto9coin.cf/mox,175,635
https://crypto9coin.cf/cch,176,636
https://crypto9coin.cf/ple,179,638
http://104.219.251.190,181,639
http://35.199.169.2,182,640
http://198.54.113.250,183,641
http://116.62.162.230,184,642
http://46.101.172.131,185,643
https://apilmo.miner.care,187,644
http://pool.xaria.xyz/,188,645
https://monetaverde.minercountry.com/,189,646
https://infinium8.minercountry.com/,190,647
http://pool.veronite.space,191,649
http://pool.levcoin.net,193,650
http://roto2coin.cf,195,651
http://5.157.80.141,196,652
https://pool.remixcoin.io/,197,653
http://eu.mimi.money,198,655
https://pool.cryptopay.org.za,199,656
https://crypto9coin.cf/xcc/,200,657
http://pnks.poolmining.us,22,658
http://flurbo.youpool.io,35,659
https://supportshg.com,38,660
http://pool.berrycoin.xyz,45,663
http://api.minerpool.site,46,664
http://egn.hashpool.frl,50,665
http://pool.valentinecoin.space,55,666
https://vesta.luckypool.org,56,667
http://api-web.fatpanda.club,60,668
http://n2.nxboost.com,62,669
http://pool2.deutercoin.uk,63,670
http://solcash.hpool.net,64,671
https://us.ferro-pool.org,65,672
http://46.101.76.70,69,673
http://phx.hashpool.frl,70,674
http://mkt.selvahost.us,71,675
http://lcn.hashpool.frl,72,676
http://dnk.hashpool.frl,73,677
https://hcn.pool.cat,76,678
http://noz.newpool.pw,80,680
http://jimcoin.net,90,681
http://solominecryptonight.co.uk,92,682
http://138.68.99.77,97,683
http://sdm.hashpool.frl,98,684
https://pool.purkproject.com,99,685
https://pool.secret-coin.com,102,686
http://vcn.hashpool.frl,109,688
https://zuc.luckypool.io,110,689
http://47.98.42.223,111,690
https://pool.tvvpro.com,124,691
http://45.77.97.169,128,692
https://getpool.org/jors/,133,693
http://x3c.io,134,694
https://mineallcrypto.com,147,695
http://pool.wahaobi.com,156,696
https://scordite.pool.yt,163,698
https://peermine.pool.yt,165,699
https://athena.pool.yt,166,700
http://35.237.89.26,172,702
http://pool.2acoin.org,180,703
http://178.128.189.128,186,704
https://crypto9coin.cf/fend/,192,705
http://pool.vesteelcoin-pool.eu,194,706
http://youpool.io/GAD/,94,707
https://cryptoknight.cc/kepl,84,708
https://cryptoknight.cc/edl,8,709
https://cryptoknight.cc/lines,54,710
https://cryptoknight.cc/niobio,37,711
https://cryptoknight.cc/qwerty,23,712
https://cryptoknight.cc/wownero,67,713
https://cryptoknight.cc/b2b,2,714
https://cryptoknight.cc/arto,24,715
https://cryptoknight.cc/crep,5,716
https://cryptoknight.cc/solace,85,717
https://cryptoknight.cc/ipbcrocks,214,718
https://goro.smartcoinpool.com,164,719
https://bittube.smartcoinpool.com,13,720
https://xmv.smartcoinpool.com,103,721
https://safex.smartcoinpool.com,212,722
https://ombre.smartcoinpool.com,20,723
https://niobio.smartcoinpool.com,37,724
https://koson.smartcoinpool.com,169,725
https://geem.smartcoinpool.com,116,726
https://incognito.smartcoinpool.com,81,727
https://walpool.com/buz,150,728
https://walpool.com/exn,123,729
https://walpool.com/goro,164,730
https://walpool.com/kgh,59,731
https://walpool.com/khk,129,732
https://walpool.com/lch,121,733
https://walpool.com/pk,107,734
https://walpool.com/pyx,61,735
https://walpool.com/spes,87,736
https://walpool.com/tls,161,737
https://walpool.com/tokl,147,738
http://b2b.superpools.online,2,739
http://dit.superpools.online,183,740
http://xmo.superpools.online,215,741
http://youpool.io/SPES,87,742
http://youpool.io/SUMO,26,743
http://youpool.io/HYPE,139,744
http://youpool.io/TYCHEUS,57,745
http://youpool.io/SDI,66,746
http://youpool.io/GEEM,116,747
http://youpool.io/GDM,125,748
http://youpool.io/FIMFL,162,749
http://youpool.io/BIM,174,750
http://youpool.io/INC,81,751
http://youpool.io/DPR,146,752
http://youpool.io/RD,79,753
http://youpool.io/NEWTON,36,754
http://youpool.io/BTN,93,755
http://youpool.io/UNA,86,756
http://youpool.io/LUKA,168,757
http://youpool.io/B2B,2,758
http://youpool.io/X12,148,759
http://youpool.io/BKC,49,760
http://youpool.io/QWERTY,23,761
http://youpool.io/KSN,169,762
http://youpool.io/XVV,191,763
http://youpool.io/ARQ,137,764
https://arms.codpool.com,180,765
https://inc.codpool.com,81,766
https://elya.codpool.com,43,767
https://grft.codpool.com,12,768
https://xmr.codpool.com,1,769
https://omb.codpool.com,20,770
https://2acoin.smartcoinpool.com,180,771
https://easyhash.pro/b2b,2,772
https://easyhash.pro/bkc,49,773
https://easyhash.pro/gdm,125,774
https://easyhash.pro/lbit,101,775
https://easyhash.pro/pk,107,776
https://easyhash.pro/qwc,23,777
https://easyhash.pro/loki,100,778
https://easyhash.pro/mkt,71,779
https://easyhash.pro/xmc,135,780
https://easyhash.pro/bsm,47,781
https://easyhash.pro/xlc,32,782
https://easyhash.pro/xun,34,783
https://mkt.my-mining-pool.de,71,784
https://lines.my-mining-pool.de,54,785
https://myztic.my-mining-pool.de,132,786
https://privatepay.my-mining-pool.de,152,787
https://catalyst.my-mining-pool.de,138,788
https://recoal.my-mining-pool.de,130,789
https://veronite.my-mining-pool.de,191,790
https://newpool.pw/geem,116,791
https://crypto9coin.cf/khk,129,792
https://crypto9coin.cf/rmx,197,793
https://crypto9coin.cf/xat,138,794
https://crypto9coin.cf/pars,95,795
https://crypto9coin.cf/pyx,61,796
https://crypto9coin.cf/lmo,187,797
https://crypto9coin.cf/roto2,195,798
http://ccx.bluerockpools.net,142,800
http://elya.bluerockpools.net,43,801
http://fest.bluerockpools.net,104,802
http://graft.bluerockpools.net,12,803
https://getpool.org/buz,150,804
https://getpool.org/cbc,151,805
https://getpool.org/dero,7,806
https://getpool.org/gdm,125,807
https://getpool.org/geem,116,808
https://getpool.org/goro,164,809
https://getpool.org/intu,96,810
https://getpool.org/lmo,187,811
https://getpool.org/mox,175,812
https://getpool.org/pars,95,813
https://getpool.org/pk,107,814
https://getpool.org/ple,179,815
https://getpool.org/xpet,185,816
https://getpool.org/xvv,191,817
https://bittube.minersunite.net,13,818
https://electronero.minersunite.net,120,819
https://intense.minersunite.net,16,820
https://koson.minersunite.net,169,821
https://masari.minersunite.net,19,822
https://ombre.minersunite.net,20,823
https://stellite.minersunite.net,33,824
https://toklio.minersunite.net,147,825
http://bip.crypto-coins.club,201,826
https://monero.hashvault.pro,1,827
https://aeon.hashvault.pro,82,828
https://sumo.hashvault.pro,26,829
https://lethean.hashvault.pro,16,830
https://graft.hashvault.pro,12,831
https://stellite.hashvault.pro,33,832
https://haven.hashvault.pro,31,833
https://ryo.hashvault.pro,131,835
https://webchain.miningpoolhouse.com,213,836
https://parsicoin.miningpoolhouse.com,95,837
http://DSH.MyPool.Online,206,838
http://COAL.MyPool.Online,4,839
http://BIP.MyPool.Online,201,840
http://NNC.MyPool.Online,77,841
https://xpp.arhash.xyz,152,843
http://bcn.bubblemine.com,3,844
https://pars.cryptohispano.net,95,846
https://worktips.cryptohispano.net,52,847
https://xpp.cryptohispano.net,152,849
https://ctl.thepiratemine.nl,91,851
https://xvv.thepiratemine.nl,191,852
http://egm.4miner.me,141,853
http://nbr.4miner.me,37,854
http://mkt.4miner.me,71,855
http://crep.4miner.me,5,856
https://monkeytips.cnpools.space,156,857
https://safex.cnpools.space,212,858
https://etn.cryptoblock.uk,9,859
https://xtl.cryptopool.space,33,861
https://xmr.cryptopool.space,1,862
https://trtl.cryptopool.space,29,863
https://dero.cryptopool.space,7,864
https://qrl.cryptopool.space,157,865
https://lok.cryptopool.space,100,866
https://grft.cryptopool.space,12,867
https://tube.cryptopool.space,13,868
http://etn.hashparty.net,9,869
http://xvv.hashparty.net,191,870
http://turtle.imhard4.men,29,871
http://youpool.io/BTOR,216,872
https://pool.zelerius.org,217,873
http://cmlpool.rigdo.com,108,874
https://kriptopool.com,118,875
http://youpool.io/MASK,173,876
https://mask.optimusblue.com,173,877
http://youpool.io/XCC,200,878
http://youpool.io/NUTU,111,879
http://youpool.io/AMIT,218,880
https://crypto9coin.cf/amit,218,881
http://fredcoinpool.com,219,882
https://crypto9coin.cf/4xb,220,883
https://crypto9coin.cf/hosp,221,884
http://hospitalcoin.net/pool,221,885
https://hosp.xmining.pro,221,886
http://www.tritaniummining.com,222,887
http://youpool.io/FEDG,223,888
http://213.32.95.66,223,889
https://fury.xmining.pro,224,890
http://loki-pool.com,100,891
http://etos.world/pool,226,893
https://egg.cncoin.cf,227,894
http://loki.blockfoundry.org,100,895
http://youpool.io/XTRA,227,896
http://vig.tyk.im,228,897
http://pool.brazukcoin.org,44,898
https://getpool.org/bzk,44,899
https://crypto9coin.cf/cal,229,900
https://caliber.luckypool.io,229,901
https://crypto9coin.cf/blr,230,902
https://cyprus.cncoin.cf,231,903
https://elphyrecoin.clevery.xyz,235,904
http://uspool.videogamescoin.org,234,905
http://videogamescoin.poolclub.cafe/,234,906
http://cryo.gpuhash.org/,233,907
https://crypto9coin.cf/xcn/,233,908
http://xavieron.us/cryonote/,233,909
http://pool.bitcoinflame.xyz/,232,910
https://pool.saronite.io,236,911
http://uplexa.poolbux.com,237,912
https://lethean.io/pool,238,913
https://webcn.loudmining.com,213,914
http://youpool.io/FBF,10,915
http://youpool.io/4XBIT,220,916
https://mask.clevery.xyz,173,917
https://mask.thepiratemine.nl,173,918
https://cal.codpool.com,229,919
https://xca.codpool.com,178,920
https://tube.codpool.com,13,921
http://www.poolday.top,111,922
https://ntu-it.crypt29.net,111,923
http://70.112.91.230:8117/stats,240,924
http://youpool.io/BDX,240,925
https://veronite.clevery.xyz,191,926
http://youpool.io/PYREX,61,927
http://grubmine.govps.com/GrubMine,241,928
https://eu-pool.taxfreecoins.org,242,929
http://bdx.superpools.online,240,930
https://freehaven.pocketwhale.info,243,931
https://pool2.zelerius.org,217,977
http://pool.zelerius.ru,217,978
http://zelerius.zapto.org,217,979
http://zls.sytes.net,217,980
https://zls.multipools.club,217,981
http://youpool.io/ZLS,217,982
https://crypto9coin.cf/zls,217,983
https://pool.webchain.network,213,984
http://thetapool.com,213,985
http://pool.web.m00n.top,213,986
https://web.go-mine.it,213,987
https://web.gonspool.com,213,988
https://webchainpool.ga,213,989
http://webchainpool.com,213,990
http://web.jokercms.com,213,991
http://webchain.pool.krunzy.com,213,992
https://coorp.io/pool/web,213,993
http://pyrex-pool.tokl.io,61,994
https://pyrexcoin.my-mining-pool.de,61,995
https://pyx.cryptohispano.net,61,996
http://graft.thorshammer.cc,12,997
https://graftpool.network,12,998
https://graftpro.com,12,999
https://www.dark-mine.su/graft,12,1000
http://graft.cryptocrush.cc,12,1001
http://grftpool.com,12,1002
https://graft.hashnetwork.net,12,1003
http://graft-id.majanetwork.com,12,1004
http://magicpool.my.to,12,1005
http://graft.cryptocommunity.network,12,1006
https://graft.aussie-pools.com,12,1007
https://bithelix.tech,12,1008
http://graft.multipool.xyz,12,1009
https://grft.solopool.org,12,1010
https://graft.herominers.com,12,1011
https://graft.herominers.com,12,1012
https://miningpool.id/graft,12,1013
https://graft.blockfoundry.org,12,1014
https://graft.my-mining-pool.de,12,1015
https://grft.optimusblue.com,12,1016
https://grft.pool.gntl.co.uk,12,1017
https://grft.blokspace.io,12,1018
http://graft.hashing.mine.nu,12,1019
https://graft.luckypool.io,12,1020
https://grft.semipool.com,12,1021
https://graft.smartcoinpool.com,12,1022
https://asiapool.io/graft,12,1023
https://graft.cryptohispano.net,12,1024
https://wownero.minercartel.com,67,1025
https://cryptonote.social/wow,67,1026
https://wownero.cryptominingpools.net,67,1027
https://wow.majanetwork.com,67,1028
https://wownero.luckypool.io,67,1029
https://wownero.clevery.xyz,67,1030
https://wownero.my-mining-pool.de,67,1031
https://wowne.ro,67,1032
http://wow.superpools.online,67,1033
https://wownero.modpool.org,67,1034
http://the-miners.de/fury,224,1035
https://fury.disjampools.us,224,1036
https://fury.thepiratemine.nl,224,1037
http://youpool.io/FURY,224,1038
https://mutex.almsoft.net,112,1039
https://mutex.clevery.xyz,112,1040
https://mutex.multiminer.us,112,1041
https://mutex.smartcoinpool.com,112,1042
https://asiapool.io/mutex,112,1043
https://superiorcoin.my-mining-pool.de,27,1044
https://sup.leafpool.com,27,1045
http://hosp.digitalmines.io,221,1046
http://hosp.dugipools.org,221,1047
http://hosp.ms-pool.net.ua,221,1048
https://hosp.bluerockpools.net,221,1049
https://hosp.optimusblue.com,221,1050
http://youpool.io/HOSP,221,1051
https://cpa.romining.farm,199,1052
https://miningcache.com,199,1053
https://cpa.thepiratemine.nl,199,1054
https://www.supportxmr.com,1,1055
https://moneroocean.stream,1,1056
https://bohemianpool.com,1,1057
https://xmrpool.net,1,1058
https://moriaxmr.com,1,1059
https://pool.xmr.pt,1,1060
http://monero.gt,1,1061
https://codxmr.com,1,1062
https://www.moneropond.com,1,1063
https://xmr.mine.pro,1,1064
https://myo-xmr.com,1,1065
https://greenpool.site,1,1066
https://www.xmrgate.com,1,1067
https://cryptonote.social/xmr,1,1068
http://xmr.1dig.pro,1,1069
https://monero.pool-moscow.ru,1,1070
http://idpool.majanetwork.com/xmr,1,1071
https://xmr.sparkpool.com,1,1072
https://0monerominer.com,1,1073
https://www.dark-mine.su/monero,1,1074
https://xmr.skypool.org,1,1075
https://xmr.extremehash.io,1,1076
http://xmr.iccob.com,1,1077
https://pool.cloudissh.com,1,1078
https://c3pool.com,1,1079
https://browsermining.io,1,1080
http://goblinpool.org/xmr,1,1081
https://minergate.com,1,1082
https://monero.miningpoolhub.com,1,1083
https://www.f2pool.com,1,1084
https://www.poolin.com,1,1085
https://coinfoundry.org/pool/xmr1,1,1086
https://xmr.nanopool.org,1,1087
https://monero.herominers.com,1,1088
https://pool.viabtc.com,1,1089
http://simplypool.net,1,1090
https://XMR.MyPool.Online,1,1091
https://hashcity.org,1,1092
https://xmr.pool.gntl.co.uk,1,1093
https://xmr.go-mine.it,1,1094
http://dwarfpool.com/xmr,1,1095
http://mining.luxor.tech,1,1096
https://xmr.semipool.com,1,1097
https://asiapool.io/electronero,1,1098
https://xmr.cryptohispano.net,1,1099
https://citadel-mining.xyz,91,1100
http://know.miningpool.gq/citadel,91,1101
https://ctl.minexmr24.ru,91,1102
https://citadel.herominers.com,91,1103
https://citadel.clevery.xyz,91,1104
https://citadel.my-mining-pool.de,91,1105
http://youpool.io/CTL,91,1106
https://communitypool.org/ctl,91,1107
https://cal.go-mine.it,229,1108
http://cal.rubypool.com,229,1109
https://caliber.cryptominingpools.net,229,1110
http://cal.m00n.top,229,1111
https://cryptoknight.cc/caliber,229,1112
https://caliber.herominers.com,229,1113
http://youpool.io/CAL,229,1114
http://cnpool.cc/cal,229,1115
https://caliber.modpool.org,229,1116
https://asiapool.io/caliber,229,1117
http://bbs.proxpool.com,58,1118
https://bbscoin.cryptohispano.net,58,1119
https://bbs.semipool.com,58,1120
http://xmvpool.net,103,1121
http://pool.baikalmine.com/en/xmv,103,1122
https://monerov.herominers.com,103,1123
https://xmv.go-mine.it,103,1124
https://solo-xmv.leafpool.com,103,1125
https://leviarpool.xyz,32,1126
https://xlc.optimusblue.com,32,1127
https://xlc.pool.gntl.co.uk,32,1128
http://pool.parsicoin.net,95,1129
https://parsicoin.clevery.xyz,95,1130
https://miningpool.id/parsi,95,1131
https://parsicoin.my-mining-pool.de,95,1132
https://qrlpool.org,157,1133
http://qrl.1dig.pro,157,1134
https://QRL.fairpool.xyz,157,1135
https://qrl.herominers.com,157,1136
https://pool.letheancoin.com,16,1137
https://lethean.west-pool.org,16,1138
https://lethean.blockharbor.net,16,1139
https://www.gpumining.ir/lethean,16,1140
https://cryptoknight.cc/lethean,16,1141
https://lethean.fairhash.org,16,1142
https://Lethean.fairpool.xyz,16,1143
https://lethean.herominers.com,16,1144
https://lethean.blockfoundry.org,16,1145
https://lethean.my-mining-pool.de,16,1146
https://lthn.pool.gntl.co.uk,16,1147
http://intense.hashing.mine.nu,16,1148
http://youpool.io/ITNS,16,1149
https://lethean.cool-pool.net,16,1150
https://communitypool.org/xdrop,155,1151
https://elya.my-mining-pool.de,43,1152
http://stellite.thorshammer.cc,33,1153
https://stellite.almsoft.net,33,1154
http://stellite.poolclub.cafe,33,1155
https://xtl.majanetwork.com,33,1156
http://cnpool.cc/xtl,33,1157
https://stellite.supportcryptonight.com,33,1158
https://xtl.solopool.org,33,1159
https://stellite.herominers.com,33,1160
https://miningpool.id/stellite,33,1161
https://xtl.pool.gntl.co.uk,33,1162
https://xtl.blokspace.io,33,1163
https://stellite.modpool.org,33,1164
https://xtl.semipool.com,33,1165
https://safex.xmining.pro,212,1166
https://pool.safexnews.net,212,1167
http://safex.cryptominingpools.net,212,1168
https://cryptoknight.cc/safex,212,1169
https://safex.luckypool.io,212,1170
https://safex.herominers.com,212,1171
https://safex.pool.cnpools.space,212,1172
https://safex.cool-pool.net,212,1173
https://xca.minexmr24.ru,178,1174
https://xcashpool.xyz,178,1175
https://xca.jokercms.com,178,1176
http://xca.1isolution.com,178,1177
http://xca.52hash.com,178,1178
http://www.x-cash.us,178,1179
https://www.gpumining.ir/xcash,178,1180
https://xcash.hashvault.pro,178,1181
https://xcash.luckypool.io,178,1182
https://xcash.herominers.com,178,1183
https://xcash.clevery.xyz,178,1184
https://xca.cryptopool.space,178,1185
https://communitypool.org/xcash,178,1186
https://xcash.steadyhash.org,178,1187
http://the-miners.de/etnc,158,1188
https://triton.coolpool.live,245,1189
https://xtrimining.network,245,1190
https://xtri.cnpools.space,245,1191
https://xtri.minercountry.com,245,1192
https://xtri.semipool.com,245,1193
https://ttnz.xmining.pro,222,1194
http://ttnz.m00n.top,222,1195
https://ttnz.leafpool.com,222,1196
http://youpool.io/TTNZ,222,1197
http://cnpool.cc/ttnz,222,1198
https://tritanium.smartcoinpool.com,222,1199
https://crypto9coin.cf/ttnz,222,1200
https://ttnz.cnpool.vip,222,1201
http://msr.soyminero.es,19,1202
https://get.masaricoin.com,19,1203
https://cryptonote.social/msr,19,1204
https://www.dark-mine.su/masari,19,1205
http://msr.rubypool.com,19,1206
https://masari.cryptocoins-digging.space,19,1207
https://masari.czechiapool.com,19,1208
https://msr.majanetwork.com,19,1209
https://msr.solopool.org,19,1210
https://masari.herominers.com,19,1211
https://superminer.vip/msr,19,1212
https://msr.pool.gntl.co.uk,19,1213
https://msr.go-mine.it,19,1214
https://masari.modpool.org,19,1215
https://asiapool.io/masari,19,1216
https://ple.llama.horse,179,1217
https://plenteum.virtopia.ca,179,1218
https://plenteumpool.xyz,179,1219
http://ple.cnhub.de,179,1220
http://the-miners.de/Plenteum,179,1221
https://plenteum.clevery.xyz,179,1222
https://ple.optimusblue.com,179,1223
http://plenteum.miner.care/,179,1224
https://plenteum.my-mining-pool.de,179,1225
http://cnpool.cc/xcy,231,1226
https://xcy.cnpool.vip,231,1227
https://aeon.c1d2.com,82,1228
https://pooltupi.com,82,1229
https://www.durinsmine.com,82,1230
https://aeon-pool.de,82,1231
https://aeonpool.net,82,1232
https://aeon.mineropolis.com,82,1233
https://aeon.team,82,1234
https://aeon.rupool.tk,82,1235
https://cryptonote.social/aeon,82,1236
https://aeon.privpool.com,82,1237
https://bluepools.it,82,1238
https://myaeon.ru,82,1239
https://aeon.hashpool.vip,82,1240
http://aeon.chinaenter.cn,82,1241
https://aeon.herominers.com,82,1242
https://aeon.pool.gntl.co.uk,82,1243
https://aeon.minercountry.com,82,1244
https://aeon.cool-pool.net,82,1245
https://aeon.semipool.com,82,1246
https://arms01.p2poolmining.us,180,1247
https://arms.cnpools.space,180,1248
https://communitypool.org/2acoin,180,1249
https://trtl.ninja,29,1250
https://turtle.atpool.party,29,1251
https://cryptonote.social/trtl,29,1252
https://turtle.minercartel.com,29,1253
http://turtle.psrcrypto.com,29,1254
https://trtl.llama.horse,29,1255
https://trtl.hackerknowledge.de,29,1256
https://turtle.hashvault.pro,29,1257
http://trtl.hashparty.net,29,1258
https://turtle.miner.rocks,29,1259
https://easyhash.pro/btcn,42,1260
https://communitypool.org/btcn,42,1261
https://bitcoinote.smartcoinpool.com,42,1262
http://youpool.io/BSM,47,1263
http://arto.cryptoisme.com,24,1264
https://arto.majanetwork.com,24,1265
https://arto.cryptomine.space,24,1266
https://XPP.fairpool.xyz,152,1267
https://privatepay.clevery.xyz,152,1268
https://miningcache.org,105,1269
https://b2n.minexmr24.ru,105,1270
http://worktips.cn,52,1271
https://wtip-us.crypt29.net,52,1272
https://unipool.pro,52,1273
http://worktips.poolmining.xyz,52,1274
http://wtip.gonspool.com,52,1275
https://worktips.my-mining-pool.de,52,1276
http://youpool.io/WTIPS,52,1277
https://communitypool.org/worktips,52,1278
https://intu.gonspool.com,96,1279
https://intu.majanetwork.com,96,1280
https://intucoin.my-mining-pool.de,96,1281
http://the-miners.de/Lumeneo,187,1283
https://lumeneo.multipool.store,187,1284
https://lumeneo.smartcoinpool.com,187,1285
https://lumeneo.clevery.xyz,187,1286
http://youpool.io/LMO,187,1287
http://xari.worktipspool.xyz,188,1288
https://xaria.cryptomine.space,188,1289
https://xari.thepiratemine.nl,188,1290
https://xaria.multiminer.us,188,1291
https://pool.arqma.com,137,1292
https://cryptonight-lite.pool.private-locker.com,137,1293
https://arq.semipool.com,137,1294
https://pool.conceal.network,142,1295
https://ccx.scecf.org,142,1296
https://www.gpumining.ir/conceal,142,1297
https://conceal.herominers.com,142,1298
https://ccx.go-mine.it,142,1299
http://youpool.io/CCX,142,1300
https://conceal.modpool.org,142,1301
https://conceal.my-mining-pool.de,142,1302
https://pool.lines.pw,54,1303
https://lines.clevery.xyz,54,1304
https://lines.modpool.org,54,1305
http://superblockchain.con-ip.com/lines,54,1306
https://freehaven.xmining.pro,243,1307
https://freehaven.smartcoinpool.com,243,1308
http://ird.soyminero.es,14,1309
https://ird.majanetwork.com,14,1310
https://ird.semipool.com,14,1311
https://xao.hackerknowledge.de,30,1312
https://xao.blokspace.io,30,1313
https://kepl.go-mine.it,84,1314
http://ukpool.electronero.org,120,1315
http://etnx.hashfactory.online,120,1316
https://etnx.majanetwork.com,120,1317
https://etnx.semipool.com,120,1318
http://pool.geemexplorer.com,116,1319
http://minebukz.host,150,1320
http://youpool.io/BUZ,150,1321
https://dero.herominers.com,7,1322
https://dero.easypool.pro,7,1323
https://superminer.vip/dero,7,1324
https://labs.f2pool.com/labs,7,1325
http://youpool.io/DERO,7,1326
http://cnpool.cc/dero,7,1327
https://dero.semipool.com,7,1328
https://pk.easypool.pro,107,1329
http://youpool.io/PK,107,1330
https://communitypool.org/pk,107,1331
https://pennykoin.fairhash.org,107,1332
https://sumo-pool.theskynet.xyz,26,1333
https://pool.sumokoin.com,26,1334
https://sumo.sumominer.com,26,1335
https://sumopool.razornetworks.net,26,1336
http://sumokoin.poolclub.cafe,26,1337
https://sumo.herominers.com,26,1338
https://sumo.easypool.pro,26,1339
https://newpool.pw/sumo,26,1340
https://sumobcn.minercountry.com,26,1341
https://sumo.semipool.com,26,1342
http://edc.epool.work,8,1343
http://edollar.poolmining.it,8,1344
https://edl.easypool.pro,8,1345
https://cbc.easypool.pro,151,1346
http://youpool.io/CBC,151,1347
https://vgc.easypool.pro,234,1348
https://crypto9coin.cf/vgc,234,1349
https://communitypool.org/vgc,234,1350
http://spes.avensat.com,87,1351
http://spes.minercountry.com,87,1352
https://communitypool.org/spes,87,1353
http://etn.thorshammer.cc,9,1354
https://etn.mine.pro,9,1355
https://electromine.fr,9,1356
https://easyhash.io/electroneum,9,1357
http://etn.extremehash.io,9,1358
https://etn.mychainpools.com,9,1359
https://poolmining.network/etn,9,1360
https://electroneum.miningpoolhub.com,9,1361
https://etn.nanopool.org,9,1362
https://electroneum.herominers.com,9,1363
https://etn.easypool.pro,9,1364
https://etn.pool.gntl.co.uk,9,1365
https://etn.cool-pool.net,9,1366
https://etn.semipool.com,9,1367
http://www.geldumpool.com,125,1368
http://gdm.ms-pool.net.ua,125,1369
http://gdm.bubblemine.com,125,1370
http://superblockchain.con-ip.com/gdm,125,1371
http://pool.b2bcoin.ml,2,1372
https://communitypool.org/b2b,2,1373
http://coal.mining.garden,4,1374
http://bitcoal.poolmining.it,4,1375
https://coal.mine2gether.com,4,1376
https://dashboard.bytecoin.party,3,1377
http://getblock.club,21,1378
https://plura.llama.horse,21,1379
https://plura.easypool.pro,21,1380
https://x12.easypool.pro,148,1381
https://karbo.herominers.com,18,1382
https://krb.easypool.pro,18,1383
http://youpool.io/KARBO,18,1384
https://krb.semipool.com,18,1385
http://pool.balkancoin.org,49,1386
http://pool2.balkancoin.org,49,1387
http://bkc.bubblemine.com,49,1388
https://bkc.easypool.pro,49,1389
https://bkc.go-mine.it,49,1390
https://communitypool.org/dsh,206,1391
https://ncp.easypool.pro,36,1392
https://antpool.com,135,1393
https://beldex.luckypool.io,240,1394
https://crypto9coin.cf/bdx,240,1395
http://cnpool.cc/bdx,240,1396
https://beldex.fairhash.org,240,1397
http://pool01.lithiumbit.com,101,1398
https://lbit.easypool.pro,101,1399
https://inc.easypool.pro,81,1400
https://communitypool.org/inc,81,1401
http://xvv.rubypool.com,191,1402
http://veronite.ml,191,1403
http://xvv.crypton.world,191,1404
https://xvv.multiminer.us,191,1405
https://xvv.blokspace.io,191,1406
https://xvv.leafpool.com,191,1407
https://ryo.bohemianpool.com,131,1408
https://ryo.majanetwork.com,131,1409
https://ryo.solopool.org,131,1410
https://RYO.fairpool.xyz,131,1411
http://pool.baikalmine.com/en/ryo,131,1412
https://ryo.luckypool.io,131,1413
https://ryo.herominers.com,131,1414
https://ryo.leafpool.com,131,1415
https://www.waterparkmining.com,131,1416
https://mox.minexmr24.ru,175,1417
http://cnpool.cc/mox,175,1418
https://mox.optimusblue.com,175,1419
http://youpool.io/MOX,175,1420
http://prg.citicashpool.cz,176,1421
http://ccr.linkpc.net,176,1422
http://cch.dapool.me,176,1423
https://xiaopool.com/cch,176,1424
https://www.kratos.biz,176,1425
https://cch.bohemianpool.com,176,1426
https://cch.fetch.cash,176,1427
http://cch.hash4it.com,176,1428
http://cch.thorshammer.cc,176,1429
https://cryptoknight.cc/citi,176,1430
https://citicash.fairhash.org,176,1431
https://citicash.luckypool.io,176,1432
https://citicash.herominers.com,176,1433
https://cch.leafpool.com,176,1434
http://youpool.io/CCH,176,1435
http://cnpool.cc/cch,176,1436
https://cch.semipool.com,176,1437
http://nbr.moedasdigitais.nl,37,1438
https://bxb.scecf.org,126,1439
http://bixbite.multipool.xyz,126,1440
https://SOLACE.fairpool.xyz,85,1441
https://xiaopool.com/ksn,169,1442
http://the-miners.de/koson,169,1443
http://coinpoolit.webhop.me/tube,13,1444
https://crypit.net/index.php?pool=TUBE,13,1445
https://bittube.hashvault.pro,13,1446
https://tube.solopool.org,13,1447
https://TUBE.fairpool.xyz,13,1448
https://coinfoundry.org/pool/tube1,13,1449
http://pool.baikalmine.com/en/tube,13,1450
https://bittube.luckypool.io,13,1451
https://tube.herominers.com,13,1452
https://miningpool.id/bittube,13,1453
https://tube.pool.gntl.co.uk,13,1454
http://tube.superpools.online,13,1455
https://tube.semipool.com,13,1456
https://ita.leafpool.com,15,1457
https://loki.elasticpool.com,100,1458
https://cryptonote.social/loki,100,1459
http://idpool.majanetwork.com/loki,100,1460
http://loki.thulani.za.net,100,1461
http://pocketminer.co.uk/pool/loki,100,1462
https://loki.coolpool.live,100,1463
http://loki.proxpool.com,100,1464
https://loki.multipool.store,100,1465
https://loki.aussie-pools.com,100,1466
https://loki.cryptocoins-digging.space,100,1467
http://pool.loki.frackingminer.com,100,1468
http://loki.multipool.xyz,100,1469
https://loki.hashvault.pro,100,1470
https://loki.solopool.org,100,1471
https://LOKI.fairpool.xyz,100,1472
https://loki.herominers.com,100,1473
https://loki.basementpool.org,100,1474
https://loki.blokspace.io,100,1475
https://loki.steadyhash.org,100,1476
https://bloc-mining.eu,113,1477
https://bloc-mining.asia,113,1478
https://blocpool.xyz,113,1479
https://bloc.scecf.org,113,1480
https://getpool.org/bloc,113,1481
http://bloc.proxpool.com,113,1482
https://bloc.romining.farm,113,1483
http://bloc.multipool.xyz,113,1484
https://bloc.smartcoinpool.com,113,1485
http://pool.baikalmine.com/en/bloc,113,1486
https://bloc.herominers.com,113,1487
https://bloc.leafpool.com,113,1488
https://pool.saronite.info,114,1489
https://xiaopool.com/xrn,114,1490
https://xrn.crypto-pool.pro,114,1491
https://xrn.majanetwork.com,114,1492
https://cryptoknight.cc/saronite,114,1493
https://saronite.hashvault.pro,114,1494
https://XRN.fairpool.xyz,114,1495
https://saronite.herominers.com,114,1496
https://saronite.modpool.org,114,1497
https://asiapool.io/saronite,114,1498
https://pool.qwertycoin.org,23,1499
https://qwcpool.xyz,23,1500
https://qwcpool.partyvibe.com,23,1501
http://superblockchain.con-ip.com/qwc,23,1502
https://ombre-pool.theskynet.xyz,20,1503
https://ombre.majanetwork.com,20,1504
http://omb.fubarmine.com,20,1505
https://ombre.my-mining-pool.de,20,1506
http://www.xhv.rustyblock.com,31,1507
https://havencoin-pool.com,31,1508
https://haven.majanetwork.com,31,1509
https://haven.coolpool.live,31,1510
https://xhv.fetch.cash,31,1512
https://www.gpumining.ir/haven,31,1513
https://xhv.solopool.org,31,1514
https://XHV.fairpool.xyz,31,1515
https://haven.luckypool.io,31,1516
https://haven.herominers.com,31,1517
https://miningpool.id/haven,31,1518
https://xhv.easypool.pro,31,1519
https://xhv.cryptopool.space,31,1520
https://haven.modpool.org,31,1521
https://xhv.semipool.com,31,1522
http://uspool.electroneropulse.org,244,1523
http://ukpool.electroneropulse.org,244,1524
https://etnxp.crypto-pool.pro,244,1525
https://pulse.thorshammer.cc,244,1526
https://etnxp.hashfactory.online,244,1527
https://mtips.arhash.xyz,156,1528
https://mtip.heigh-ho.funkypenguin.co.nz,156,1529
https://pool.buucoins.io/,246,1530
http://159.89.16.129/,247,1531
https://webetnx.semipool.com,244,1532
https://webetnx.semipool.com,244,1533
https://webgrft.semipool.com,12,1534
https://graft.modpool.org,12,1535
https://cpa.cryptocoins-digging.space,199,1536
https://cpa.thecoinsmining.com,199,1537
https://cpa.optimusblue.com,199,1538
http://xmr.org.uk,1,1539
https://communitypool.org/xmr,1,1540
https://webxmr.semipool.com,1,1541
http://cal.52hash.com,229,1542
https://webbbs.semipool.com,58,1543
http://elph.dapool.me,235,1544
http://elph.4miner.me,235,1545
http://xavieron.us/elphyrecoin,235,1546
https://xdrop.thepiratemine.nl,155,1548
https://xtl.crypto-coins.club,33,1550
https://webxtl.semipool.com,33,1551
http://173.212.249.18,158,1552
https://webxtri.semipool.com,41,1554
http://xavieron.us/tritanium,222,1555
https://webaeon.semipool.com,82,1556
http://arms.miningcache.org,180,1557
https://webtrtl.semipool.com,29,1558
http://xavieron.us/bitcoinote,42,1559
http://b2n.miningcache.org,105,1560
https://lumeneo.modpool.org,187,1561
https://crypto9coin.cf/xari,188,1562
https://webarq.semipool.com,137,1563
https://ccx.thorshammer.cc,142,1564
https://walpool.com/ccx,142,1565
https://xfh.luckypool.io,243,1566
https://freehaven.disjampools.us,243,1567
https://crypto9coin.cf/xfh,243,1568
https://freehaven.majanetwork.com,243,1569
http://85.214.99.91,243,1570
https://freehaven.clevery.xyz,243,1572
https://webird.semipool.com,14,1574
https://communitypool.org/kepl,84,1575
http://dero.getblock.club,7,1577
https://webdero.semipool.com,7,1578
https://websumo.semipool.com,26,1580
https://webetn.semipool.com,9,1581
http://plura.getblock.club,21,1582
https://webkrb.semipool.com,18,1583
http://ncp.getblock.club,36,1584
https://easyhash.pro/bdx,240,1585
https://communitypool.org/bdx,240,1587
https://beldex.smartcoinpool.com,240,1588
https://communitypool.org/veronite,191,1589
https://ryo.modpool.org,131,1590
http://mox.52hash.com,175,1591
https://mox.modpool.org,175,1592
https://citicash.modpool.org,176,1593
https://webtube.semipool.com,13,1595
http://cnpool.cc/loki,100,1596
https://webcch.semipool.com,100,1597
https://webxhv.semipool.com,31,1599
http://elph.dapool.me,235,1600
http://elph.4miner.me,235,1601
http://xavieron.us/elphyrecoin,235,1602
https://xdrop.cryptomine.space,155,1603
https://xdrop.thepiratemine.nl,155,1604
http://xtl.lambomine.com,33,1605
https://xtl.crypto-coins.club,33,1606
https://webxtl.semipool.com,33,1607
http://173.212.249.18,158,1608
http://xavieron.us/triton,41,1609
https://webxtri.semipool.com,41,1610
http://xavieron.us/tritanium,222,1611
https://webaeon.semipool.com,82,1612
http://arms.miningcache.org,180,1613
https://webtrtl.semipool.com,29,1614
http://xavieron.us/bitcoinote,42,1615
http://b2n.miningcache.org,105,1616
https://lumeneo.modpool.org,187,1617
https://crypto9coin.cf/xari,188,1618
https://webarq.semipool.com,137,1619
https://ccx.thorshammer.cc,142,1620
https://walpool.com/ccx,142,1621
https://xfh.luckypool.io,243,1622
https://freehaven.disjampools.us,243,1623
https://crypto9coin.cf/xfh,243,1624
https://freehaven.majanetwork.com,243,1625
http://85.214.99.91,243,1626
http://xfh.vnpool.vip,243,1627
https://freehaven.clevery.xyz,243,1628
https://XFH.fairpool.xyz,243,1629
https://webird.semipool.com,14,1630
http://etnx.vnpool.vip,120,1632
http://dero.getblock.club,7,1633
https://webdero.semipool.com,7,1634
https://asiapool.io/sumo,26,1635
https://websumo.semipool.com,26,1636
https://webetn.semipool.com,9,1637
http://plura.getblock.club,21,1638
https://webkrb.semipool.com,18,1639
http://ncp.getblock.club,36,1640
https://easyhash.pro/bdx,240,1641
https://bdx.easypool.pro,240,1642
https://communitypool.org/bdx,240,1643
https://beldex.smartcoinpool.com,240,1644
https://communitypool.org/veronite,191,1645
https://ryo.modpool.org,131,1646
http://mox.52hash.com,175,1647
https://mox.modpool.org,175,1648
https://citicash.modpool.org,176,1649
https://asiapool.io/bittube,13,1650
https://webtube.semipool.com,13,1651
http://cnpool.cc/loki,100,1652
https://webcch.semipool.com,100,1653
http://cnpool.cc/xcn,233,1654
https://webxhv.semipool.com,31,1655
http://minercoin.network/poolus,249,1656
http://minercoin.network/pooleu,249,1657
https://jyo.luckypool.io,252,1658
https://mtip.llama.horse,156,1659
http://the-miners.de/CPA,199,1660
http://cpa.cnhub.de/,199,1661
http://149.28.211.78,256,1662
https://nibble.cncoin.cf,256,1663
https://catalyst.cncoin.cf,258,1664
http://47.40.176.35/qash/index.html,260,1665
http://50.116.0.79/,260,1666
https://xtri.hashpool.cc,41,1667
https://ttnz.blokspace.io,222,1668
https://msr.heigh-ho.funkypenguin.co.nz,19,1669
https://disjampools.us/masari,19,1670
https://disjampools.us/ple,179,1671
http://mtip.bencey.co.nz,156,1672
https://communitypool.org/mtip,156,1673
https://aeon.hackerknowledge.de,82,1674
https://arms.cryptomine.cx,180,1675
https://turtle.modpool.org,29,1676
https://turtlecoin.herominers.com,29,1677
https://swap.pocketwhale.info,262,1678
https://swap.bitkitten.xyz,262,1679
https://swap.miningpoolstar.com,262,1680
https://xfh.hashpool.cc,262,1681
https://coorp.io/pool/xfh,262,1682
https://swap.majanetwork.com,262,1683
https://disjampools.us/swap,262,1684
https://bitcoinote.my-mining-pool.de,42,1685
https://bsm.bluerockpools.net,47,1686
https://rto.hashpool.cc,24,1687
https://arq.heigh-ho.funkypenguin.co.nz,137,1693
https://arqidium.smartcoinpool.com,137,1694
https://arq.pool.gntl.co.uk,137,1695
https://disjampools.us/arqma,137,1696
http://xavieron.us/arqma,137,1697
http://the-miners.de/naza,153,1698
https://disjampools.us/ccx,142,1699
https://disjampools.us/lines,54,1700
https://kepl.bluerockpools.net,84,1701
http://tychecash.net,57,1702
http://tyc.gonspool.com,57,1703
http://tyc.kunpoolsion.tk,57,1704
http://electroneum.quebec,9,1705
https://bdx.luckypool.io,240,1706
https://crypto9coin.cf/buu,246,1707
https://newpool.pw/inc,81,1708
https://xvv.bluerockpools.net,191,1709
https://ryo.heigh-ho.funkypenguin.co.nz,131,1710
https://ryo.bluerockpools.net,131,1711
https://cch.hashpool.cc,176,1712
https://cch.bluerockpools.net,176,1713
https://ksn.thorshammer.cc,169,1714
https://tube.hashpool.cc,13,1715
https://tube.heigh-ho.funkypenguin.co.nz,13,1716
https://bittube.modpool.org,13,1717
https://xta.codpool.com,15,1718
https://loki.hashpool.cc,100,1719
https://loki.majanetwork.com,100,1720
https://bloc.modpool.org,113,1721
https://xrn.hashpool.cc,114,1722
http://dankepool.org,31,1723
http://vnpools.tk,31,1724
https://xhv.hashpool.cc,31,1725
https://pyx.hashpool.cc,61,1726
http://cnpool.cc/pyx,61,1727
https://pyrex.modpool.org,61,1728
http://graftminingpool.tk,12,1729
https://grft.hashpool.cc,12,1730
https://wow.hashpool.cc,67,1731
https://disjampools.us/fury,224,1732
http://xavieron.us/mutex,112,1733
https://cpa.cryptomine.cx,199,1734
https://cpacoin.my-mining-pool.de,199,1735
https://cpa.multiminer.us,199,1736
https://xmr.cryptoblock.uk,1,1737
https://xmr.heigh-ho.funkypenguin.co.nz,1,1738
https://xmr.hashpool.cc,1,1739
https://monero.miningpoolstar.com,1,1740
https://xmr.majanetwork.com,1,1741
https://monero.modpool.org,1,1742
https://xmr.2miners.com,1,1743
https://solo-xmr.2miners.com,1,1744
https://cal.hashpool.cc,229,1745
http://bbs.efectivepool.pro,58,1746
http://jyo.vnpool.vip,252,1747
http://pool.jyocoin.cash,252,1748
https://jyocoin.modpool.org,252,1749
https://xlc.codpool.com,32,1750
https://supportqrl.com,157,1751
https://qrl.hoku.to,157,1752
https://lthn.bluerockpools.net,16,1753
https://stellite.miningpoolstar.com,33,1754
http://london-uk.pools.minexca.com,178,1755
http://singapore.pools.minexca.com,178,1756
http://toronto-canada.pools.minexca.com,178,1757
https://disjampools.us/xcash,178,1758
https://aeonclassic.cncoin.cf,263,1760
https://xmlc.nbxpool.com,263,1761
https://nbx.hackerknowledge.de,256,1762
https://nbx.heigh-ho.funkypenguin.co.nz,256,1763
https://nbx.llama.horse,256,1764
http://the-miners.de/NBX,256,1765
https://swap.miningpool.online,262,1766
http://bbscoin.hk888.com,58,1767
https://eu-miningcache.club,105,1768
http://etn.bekopool.com,9,1769
http://pool.cryptoluka.cl,168,1770
https://easyhash.pro/luka,168,1771
http://ryo.crypton.world,131,1772
https://citicashminer.eu,176,1773
https://mining.ipbc.rocks,214,1774
https://mining.asia.ipbc.rocks,214,1775
http://youpool.io/IPBC,214,1776
http://loki.crypton.world,100,1777
https://communitypool.org/xcn,233,1778
https://blochaven.smartcoinpool.com,113,1779
http://cnpool.cc/grft,12,1780
https://monero.miningpool.online,1,1781
https://stellite.miningpool.online,33,1782
http://youpool.io/PLE,179,1783
http://pool.xeonbit.com,264,1784
http://rubenasics.online,264,1785
http://eat-sleep-mine.com/xeon,264,1786
https://frty.cnpools.space,266,1787
http://35.231.196.144,266,1788
http://mining.getazur.org,268,1789
https://ita.llama.horse,15,1790
https://lmo.llama.horse,187,1791
https://mtip.llama.horse,156,1792
https://ncp.llama.horse,36,1794
https://sumo.llama.horse,26,1797
https://wow.llama.horse,67,1799
http://173.212.249.18/merge,41,1800
https://idpool.majanetwork.com/msr,19,1801
https://mtip.gonspool.com,156,1802
https://trtl.muxdux.com,29,1803
http://swapminingpool.com,262,1804
https://cryptoknight.cc/swap,262,1805
https://crypto9coin.cf/xwp,262,1806
https://idpool.majanetwork.com/swap,262,1807
http://youpool.io/SWAP,262,1808
https://idpool.majanetwork.com/arto,24,1809
https://fred.cool-pool.net,219,1810
https://fred.easypool.pro,219,1811
http://youpool.io/FRED,219,1812
https://idpool.majanetwork.com/intu,96,1813
https://pool.bittorium.org,216,1814
https://pool.raasu.org,216,1815
http://btor.simpool.xyz,216,1816
https://coinpoolit.webhop.me/btor,216,1817
https://cryptoknight.cc/bittorium,216,1818
https://btor.thepiratemine.nl,216,1819
https://disjampools.us/btor,216,1820
https://idpool.majanetwork.com/ird,14,1821
https://idpool.majanetwork.com/etnx,120,1822
http://youpool.io/XNB,264,1823
https://cnpool.cc/xnb,264,1824
https://cnpool.cc/pk,107,1825
https://ryo.nons.xyz,131,1826
https://idpool.majanetwork.com/ryo,131,1827
https://www.gpumining.ir/italo,15,1828
https://loki.smartcoinpool.com,100,1829
https://idpool.majanetwork.com/xrn,114,1830
https://mkt.ciapool.com,71,1831
https://idpool.majanetwork.com/ombre,20,1832
https://idpool.majanetwork.com/haven,31,1833
https://pool.webchain.pwrnetwork.eu,213,1834
http://web.minerlagoon.com,213,1835
https://idpool.majanetwork.com/graft,12,1836
https://idpool.majanetwork.com/wow,67,1837
https://monero.clevery.xyz,1,1838
https://www.gpumining.ir/parsi,95,1839
https://idpool.majanetwork.com/xtl,33,1840
https://plenteum.pool.private-locker.com,179,1841
https://nbx.cryptonight.mine.nu,256,1842
https://asiapool.io/bbs,58,1843
https://arqma.pool.private-locker.com,137,1844
https://asiapool.io/conceal,142,1845
http://rubenasics.online/beldex,240,1846
https://loki.miningpool.online,100,1847
https://asiapool.io/loki,100,1848
https://ombre.pool.private-locker.com,20,1849
https://asiapool.io/ombre,20,1850
https://asiapool.io/wownero,67,1851
https://xmr.hyvegate.com,1,1852
https://asiapool.io/xcash,178,1853
http://hplorer.com/pool,269,1854
https://btr.thepiratemine.nl,271,1855
https://btr.cryptomine.cx,271,1856
https://btr.inode.pw,271,1857
https://nibbleclassic.my-mining-pool.de,256,1858
https://2acoin.blockfoundry.org,180,1859
https://fred.cryptonight.mine.nu,219,1861
https://fredenergy.my-mining-pool.de,219,1862
https://bittorium.cryptonight.mine.nu,216,1863
https://ird.hackerknowledge.de,14,1864
http://rubenasics.online/karbo,18,1865
https://loki.modpool.org,100,1866
http://pool.anyg.rs,213,1867
https://pyrex.smartcoinpool.com,61,1868
http://pool.sevabit.com,273,1869
https://pool.cutcoin.org,274,1870
https://xcy.cnpools.space,231,1871
http://youpool.io/MTIP,156,1872
https://coorp.io/pool/xwp,262,1873
http://minersrepublic.com,47,1874
http://sg.ultranote.org,34,1875
http://ca.ultranote.org,34,1876
http://de.ultranote.org,34,1877
https://disjampools.us/b2n,105,1879
https://electroneropulse.my-mining-pool.de,244,1880
http://rubenasics.online/sumokoin,26,1881
http://nbr.proxpool.com,37,1882
http://youpool.io/TUBE,13,1883
http://youpool.io/BLOC,113,1884
http://cutcoin.mining-pool.host,274,1885
https://crypto9coin.cf/cut,274,1886
https://cnpool.cc/cut,274,1887
http://youpool.io/XDN,145,1888
http://youpool.io/CPA,199,1889
http://youpool.io/JYO,252,1890
https://pool.electroneum-classic.com,158,1891
https://cnpool.cc/trtl,29,1892
https://cryptonote.social/xmlc,263,1893
http://youpool.io/XMLC,263,1894
https://xmlc.thepiratemine.nl,263,1895
https://xmlc.arhash.xyz,263,1896
https://bbs.hackerknowledge.de,58,1897
http://in.ultranote.org,34,1898
http://xunpool.cf,34,1899
http://uk.ultranote.org,34,1900
https://cnpool.cc/sumo,26,1902
http://rubenasics.online/x12,148,1903
https://cnpool.cc/ncp,36,1904
https://cnpool.cc/dcy,6,1905
http://the-miners.de/Solace,85,1906
http://the-miners.de/FRTY,172,1907
https://tritanium.my-mining-pool.de,222,1908
http://the-miners.de/BTR,265,1909
https://www.enigma-mining.de/btr,265,1910
http://btr.cryptocoins-digging.space,265,1911
https://arms.blockfoundry.org,180,1912
https://xmlc.gonspool.com,263,1913
http://eu.swap.pool.krunzy.com,262,1914
http://us.swap.pool.krunzy.com,262,1915
http://ap.swap.pool.krunzy.com,262,1916
http://minersrepublic.com/swap,262,1917
http://xavieron.us/swap,262,1918
http://fred.communitypool.org,219,1920
http://the-miners.de/Arqma,137,1921
https://webccx.semipool.com,142,1922
http://xavieron.us/alloy,30,1923
https://xao.codpool.com,30,1924
https://newpool.pw/xnb,264,1925
https://asiapool.io/sumokoin,26,1926
http://xavieron.us/citicash,176,1927
http://youpool.io/QWC,23,1928
https://webchain.live,213,1929
https://hiveon.net,1,1930
https://minehycon.com,269,1931
http://jyo.minecrypto.nl,252,1932
https://disjampools.us/jyo,252,1933
https://newpool.pw/xcash/,178,1934
https://dyngepeng.zapto.org:85/DEROGOLD,272,1935
https://goldminer.tk,272,1936
http://www.degopool.tk,272,1937
https://dyngepeng.zapto.org:85/DEGO,272,1938
http://gbz.llama.horse,275,1939
http://pool.xsubyte.org,276,1940
https://crypto9coin.cf/xsu,276,1941
https://xta.leafpool.com,15,1942
http://xavieron.us/italocoin,15,1943
http://safex.jokercms.com,212,1944
https://mcafee.safex.io,212,1945
http://youpool.io/SAFEX,212,1946
http://pool.ultrapoint.org,181,1948
http://bdx.superpools.online,257,1949
http://hashing.center,237,1950
https://fruitypool.com,237,1951
http://bestupxpool.sytes.net,237,1952
http://upx.52hash.com,237,1953
http://upxpool.com,237,1954
https://crypto9coin.cf/upx,237,1955
https://upx.leafpool.com,237,1956
http://youpool.io/UPX,237,1957
https://uplexa.herominers.com,237,1958
https://cnpool.cc/upx,237,1959
https://arqma.minercountry.com,137,1960
https://arq.hackerknowledge.de,137,1961
https://wow.codpool.com,67,1962
https://www.enigma-mining.de/pars,95,1963
https://www.enigma-mining.de/elph,235,1964
https://www.enigma-mining.de/xtl,33,1965
https://xtrimining.network,41,1966
https://triton.smartcoinpool.com,41,1967
https://xtri.minercountry.com,41,1968
https://cryptoknight.cc/triton,41,1969
https://triton.my-mining-pool.de,41,1970
https://trit.codpool.com,41,1971
https://triton.smartcoinpool.com,179,1972
https://nbxpool.com,256,1973
http://173.212.249.18/merge,256,1974
https://btr.cryptomine.cx,265,1975
https://btr.inode.pw,265,1976
https://btr.thepiratemine.nl,265,1977
https://freehaven.xmining.pro,262,1978
https://xfh.luckypool.io,262,1979
http://vnpools.tk,262,1980
https://freehaven.smartcoinpool.com,262,1981
https://XFH.fairpool.xyz,262,1982
https://aeon.minercountry.com,47,1983
https://minergate.com,82,1984
https://arqidium.smartcoinpool.com,14,1985
https://arqma.minercountry.com,14,1986
https://webetnx.semipool.com,120,1987
https://goldenhillpool.com,264,1988
https://www.f2pool.com,7,1989
https://www.poolin.com,9,1990
https://www.f2pool.com,9,1991
https://minergate.com,3,1992
https://sumobcn.minercountry.com,3,1993
https://minergate.com,135,1994
https://www.f2pool.com,135,1995
https://webcch.semipool.com,176,1996
https://www.waterparkmining.com,37,1997
https://www.waterparkmining.com,100,1998
https://mining.luxor.tech,100,1999
https://blochaven.smartcoinpool.com,31,2000
https://lethean.minercountry.com,145,2001
https://www.waterparkmining.com,12,2002
https://www.waterparkmining.com,67,2003
https://www.f2pool.com,269,2004
https://frty.cnpools.space,172,2005
http://lethean.io/pool,16,2006
https://www.waterparkmining.com,16,2007
https://hosp.bluerockpools.net,33,2008
https://www.waterparkmining.com,178,2009
https://newpool.pw/xcy/,231,2010
https://btr.clevery.xyz,265,2011
http://ccx.aiwakuang.cn,142,2012
http://xavieron.us/lines,54,2013
https://liver.codpool.com,14,2014
https://xnb.gonspool.com,264,2015
https://dero.blockfoundry.org,7,2016
https://sumob2b.minercountry.com,26,2017
https://sumob2b.minercountry.com,2,2018
https://idpool.majanetwork.com/italo,15,2019
http://usa.pools.minexca.com,178,2020
https://coinpoolit.webhop.me/ird,14,2021
https://croat.pool.cat,75,2022
http://pool.croat.cat,75,2023
https://pool.croatpirineus.cat,75,2024
https://croatpool.com,75,2025
https://coinpoolit.webhop.me/krb,18,2026
https://coinpoolit.webhop.me/bkc,49,2027
https://xtri.minercountry.com,47,2028
https://newpool.pw/pk/,107,2029
https://newpool.pw/krb/,18,2030
https://newpool.pw/bdx/,240,2031
https://cn.gpumining.ir/ryoapi,131,2032
https://cn.gpumining.ir/italoapi,15,2033
https://cn.gpumining.ir/lokiapi,100,2034
https://cn.gpumining.ir/havenapi,31,2035
http://pool.van0.xyz,217,2036
https://www.fortunepool.pw,12,2037
https://cn.gpumining.ir/graftapi,12,2038
http://hosp.rubypool.com,221,2039
https://cn.gpumining.ir/moneroapi,1,2040
http://the-miners.de/Jyo,252,2041
https://www.gpumining.ir/parsiapi,95,2042
http://the-miners.de/lethean,16,2043
http://www.coinsforhash.com/nibble,256,2044
http://www.coinsforhash.com/swap,262,2045
http://www.coinsforhash.com/fred,219,2046
http://207.180.246.163/fury,224,2047
https://xtri.hashpool.cc,277,2048
https://triton.smartcoinpool.com,277,2049
https://cryptoknight.cc/triton,277,2050
https://triton.my-mining-pool.de,277,2051
https://xtri.minercountry.com,277,2052
https://webxtri.semipool.com,277,2053
https://trit.codpool.com,277,2054
http://xavieron.us/triton,277,2055
http://the-miners.de/BTR,271,2056
http://btr.cryptocoins-digging.space,271,2057
https://btr.clevery.xyz,271,2058
https://www.enigma-mining.de/btr,271,2059
https://beldex.luckypool.io,257,2060
https://bdx.luckypool.io,257,2061
http://rubenasics.online/beldex,257,2062
https://crypto9coin.cf/bdx,257,2063
https://easyhash.pro/bdx,257,2064
https://bdx.easypool.pro,257,2065
https://beldex.smartcoinpool.com,257,2066
https://beldex.fairhash.org,257,2067
http://youpool.io/BDX,257,2068
https://communitypool.org/bdx,257,2069
https://cnpool.cc/bdx,257,2070
https://newpool.pw/bdx/,257,2071
https://pool.saronite.info,236,2072
https://xrn.hashpool.cc,236,2073
https://cryptoknight.cc/saronite,236,2074
https://saronite.hashvault.pro,236,2075
https://saronite.miner.rocks,236,2076
https://saronite.modpool.org,236,2077
https://saronite.herominers.com,236,2078
https://idpool.majanetwork.com/xrn,236,2079
https://XRN.fairpool.xyz,236,2080
http://pool.coin42.co,266,2081
http://the-miners.de/FRTY,266,2082
https://pool.letheancoin.com,238,2083
https://lethean.west-pool.org,238,2084
https://lethean.blockharbor.net,238,2085
http://the-miners.de/lethean,238,2086
https://cryptoknight.cc/lethean,238,2087
https://lethean.hashvault.pro,238,2088
https://lethean.my-mining-pool.de,238,2089
https://lthn.pool.gntl.co.uk,238,2090
http://intense.hashing.mine.nu,238,2091
https://www.waterparkmining.com,238,2092
https://lethean.herominers.com,238,2093
https://lethean.fairhash.org,238,2094
https://Lethean.fairpool.xyz,238,2095
https://lethean.blockfoundry.org,238,2096
https://worktips.pool.private-locker.com,52,2097
https://intu.hackerknowledge.de,96,2098
https://aeon.modpool.org,82,2099
https://coinpoolit.webhop.me/bdx,240,2100
https://citicash.multipooler.com,176,2101
http://81.214.73.195,20,2102
http://web.minerbuild.cf,213,2103
http://sfx.superpools.online,212,2104
http://xmr.ip-dynamic.com,1,2105
https://xmr.solopool.org,1,2106
https://qrl.minerspool.org,157,2107
https://cn.gpumining.ir/letheanapi,16,2108
http://lthn.superpools.online,16,2109
http://dyngepeng.zapto.org:85/DEGO/#,272,2110
https://dego.llama.horse,272,2111
https://masari.hashvault.pro/en/blocks,19,2112
https://turtle.hashvault.pro/en/blocks,29,2113
https://webxwp.semipool.com,262,2114
https://lmo.thepiratemine.nl,187,2115
https://ccx.codpool.com,142,2116
http://xnb.superpools.online,264,2117
http://45.32.60.94,26,2118
https://sumokoin.hashvault.pro/en/blocks,26,2119
https://karbo.hashvault.pro/en/blocks,18,2120
https://ryo.hashvault.pro/en/blocks,131,2121
https://saronite.hashvault.pro/en/blocks,114,2122
https://graft.hashvault.pro/en/blocks,12,2123
https://caliber.my-mining-pool.de,229,2124
https://lethean.hashvault.pro/en/blocks,16,2125
https://stellite.hashvault.pro/en/blocks,33,2126
http://xcash.superpools.online,178,2127
https://xcash.hashvault.pro/en/blocks,178,2128
https://loki.hashvault.pro/en/blocks,100,2129
http://207.180.246.163,259,2130
http://dego.pool.flowmine.xyz,272,2131
https://webdego.semipool.com,272,2132
https://dego.cncoin.cf,272,2133
https://cnpool.cc/dego,272,2134
http://sumo-jetasia.cf,26,2135
http://graft.zelerius.ru,12,2136
https://cx.cryptomine.cx,258,2137
https://cx.thepiratemine.nl,258,2138
http://youpool.io/ARBO,278,2139
http://youpool.io/SEVA,273,2140
http://youpool.io/TMY,280,2141
https://pool.bittrader.io,281,2142
http://youpool.io/TRD,281,2143
https://crypto9coin.cf/trd,281,2144
https://crypto9coin.cf/invc,282,2145
http://xsu.cryptonote.club,276,2146
https://cnpool.cc/xsu,276,2147
http://vgc.cryptonote.club,234,2148
https://asiapool.io/italo,15,2149
http://bloc.cryptonote.club,113,2150
http://zls.superpools.online,217,2151
http://web.poolhub.org,213,2152
https://grftpool.io,12,2153
https://cn.gpumining.ir/parsiapi,95,2154
https://cn.gpumining.ir/bbsapi,58,2155
https://communitypool.org/arqma,137,2156
https://btor.cryptomine.cx,216,2157
http://pool.getazur.org,268,2158
https://azur.cryptomine.cx,268,2159
http://azur.cryptocoins-digging.space,268,2160
https://www.enigma-mining.de/azur,268,2161
https://pool-sg.wrkz.work,143,2162
https://pool-eu.wrkz.work,143,2163
https://wrkz.rollinghavoc.com,143,2164
https://wrkz.cncoin.cf,143,2165
https://wrkz.cryptonight.mine.nu,143,2166
https://cnpool.cc/ccx,142,2167
https://cn.gpumining.ir/masariapi,19,2168
https://bloc.hashvault.pro,113,2169
http://qwc.superpools.online,23,2170
http://webchain.penguinpool.net,213,2171
http://arq.superpools.online,137,2172
https://btor.cryptocoins-digging.space,216,2173
https://pool.nxstream.io,283,2174
https://nxm.fruitypool.com,283,2175
https://nxm.c3pool.com,283,2176
http://nxm.llama.horse,283,2177
https://cnpool.cc/nxm,283,2178
http://rhox.roto2.org,285,2179
http://pool.inziderx.io,284,2180
http://pyx.superpools.online,61,2181
https://hitc.cryptomine.cx,286,2182
http://the-miners.de/HITC,286,2183
http://hitc.cryptocoins-digging.space,286,2184
https://hitc.fruitypool.com,286,2185
https://www.enigma-mining.de/hitc,286,2186
https://fastpool.xyz/btcn,42,2187
https://fastpool.xyz/fred,219,2188
https://pk.minercountry.com,107,2189
https://pk.minercountry.com,2,2190
https://zls.cryptonote.club,217,2191
https://www.coinsforhash.com/fury,224,2192
https://ttnz.cryptonote.club,222,2193
http://39.106.143.90,142,2194
https://MSR.fairpool.xyz,19,2195
https://xnb.cryptonote.club,264,2196
http://pool.investcoin.pro,282,2197
https://cnpool.cc/invc,282,2198
https://asiapool.io/stellite,33,2199
https://xtridium.minercountry.com,41,2200
https://fastpool.xyz/xcy,231,2201
http://hitc.catpool.club,286,2202
https://arq.cryptonote.club,137,2203
http://dego.catpool.club,272,2204
https://xtridium.minercountry.com,14,2205
http://turtlepool.ml,29,2206
http://trtl.cryptoasiapool.com,29,2207
http://trtlcoinpool.tk,29,2208
https://trtl.steadyhash.org,29,2209
http://nxm.catpool.club,283,2210
https://hashblaster.com,263,2211
https://crypto9coin.cf/bdx,287,2212
https://hashblaster.com,256,2213
https://communitypool.org/fred,219,2214
https://ccx.romining.farm,142,2215
https://cn.gpumining.ir/concealapi,142,2216
https://www.coinsforhash.com/mox,175,2217
https://cn.gpumining.ir/swapapi,262,2218
https://upx.hashpool.cc,237,2219
https://upx.cryptopool.space,237,2220
http://marketcash.poolmining.it,71,2221
https://asiapool.io/electronero,120,2222
https://easyhash.pro/xnb,264,2223
https://cn.gpumining.ir/deroapi,7,2224
https://dero.spacepools.org,7,2225
http://sk.poolclub.cafe,26,2226
http://etn.poolclub.cafe,9,2227
https://cn.gpumining.ir/electroneumapi,9,2228
https://easyhash.pro/croat,75,2229
http://ryo.altpool.pro,131,2230
http://solo-ryo.altpool.pro,131,2231
https://asiapool.io/citicash,176,2232
https://cn.gpumining.ir/bittubeapi,13,2233
https://haven.pool-moscow.ru,31,2234
https://www.minesfx.com,212,2235
https://wow.fairpool.xyz,67,2236
http://trd.superpools.online,281,2237
https://cnpool.cc/trd,281,2238
http://youpool.io/PARS,95,2239
https://xcash.rubypool.com,178,2240
http://envy-labs.com,178,2241
https://www.coinsforhash.com/triton,41,2242
https://ple.cryptopool.space,179,2243
https://ple.cryptocoins-digging.space,179,2244
https://coinsforhash.com/cyprus,231,2245
https://www.coinsforhash.com/cyprus,231,2246
https://xmlc.romining.farm,263,2247
https://www.coinsforhash.com/uplexa,237,2248
http://arto.poolmining.it,24,2249
http://xtri.nbx.llama.horse,41,2250
http://miner-coin.eu/sumokoin,26,2251
http://pool.baikalmine.com/en/ryo-solo,131,2252
http://miner-coin.eu/haven,31,2253
http://miner-coin.eu/aeon,82,2254
https://webbtcm.semipool.com,294,2255
http://etnxp.newpool.cool,244,2256
https://coinsforhash.com/etnxp,244,2257
https://masari.miningpool.online,19,2258
http://etnx.newpool.cool,120,2259
https://cn.gpumining.ir/karboapi,18,2260
https://newpool.pw/ryo,131,2261
https://haven.miningpool.online,31,2262
https://graft.miningpool.online,12,2263
https://aeon.miningpool.online,82,2264
https://www.coinsforhash.com/etnxp,244,2265
http://upx.ms-pool.net.ua,237,2266
https://xcash.1isolution.com,178,2267
https://cn.gpumining.ir/xcashapi,178,2268
https://asiapool.io/mutex2,112,2269
https://xtl.luckypool.io,33,2270
https://dego.c3pool.com,272,2271
https://dego.pls.stx.nl,272,2272
https://dark-territory.app,1,2273
http://us.hashratecoin.org,297,2274
http://pool.scashcoin.com,299,2275
http://pool.bytechcoin.com,298,2276
https://pool.nashcash.net,300,2277
http://conceal.miningpros.online,142,2278
http://alloy.poolmining.it,30,2279
https://hrcn.cryptonote.club,297,2280
https://rhox.cryptonote.club,285,2281
https://ztc.cryptonote.club,301,2282
https://cnpool.cc/xcash,178,2283
https://xhv.dark-territory.app,31,2284
https://xmv.coolmining.tk,103,2285
https://ttnz.bluerockpools.net,222,2286
https://xcy.bluerockpools.net,231,2287
https://trtl.cryptomine.cx,29,2288
https://pool.elphyrecoin.xyz,303,2289
https://www.coinsforhash.com/btcm,294,2290
https://pool.elphyrecoin.xyz,235,2291
https://communitypool.org/mox,175,2292
https://xcash.blockfoundry.org,178,2293
http://80.211.75.157,12,2294
http://monero.hashing.mine.nu,1,2295
https://xtri.hackerknowledge.de,41,2296
http://upool.ir,41,2297
https://www.coinsforhash.com/rhox,285,2298
https://ztc.cryptohispano.net,301,2299
https://asiapool.io/zentcash,301,2300
https://trtl.pool.flowmine.xyz,29,2301
http://dyngepeng.zapto.org:85/WRKZ,143,2302
https://pls.stx.nl,143,2303
https://cnpool.cc/wrkz,143,2304
https://mox.fairhash.net,175,2305
https://pool.cobitcoin.io,151,2306
http://xta.ms-pool.net.ua,15,2307
https://fastpool.xyz/ztc,301,2308
http://wownero.hashing.mine.nu,67,2309
https://www.coinsforhash.com/elphyre,235,2310
http://sumo.luk.llama.horse,26,2311
http://sumo.luk.llama.horse/luk,168,2312
http://xta.bloc.llama.horse,15,2313
http://xta.bloc.llama.horse/BLOC,113,2314
http://xtri.nbx.llama.horse/NBX,256,2315
https://iridium-arqma.bluerockpools.net,14,2316
https://iridium-arqma.bluerockpools.net,137,2317
https://cnpool.cc/anx/,304,2318
https://wrkz.pool.flowmine.xyz,143,2319
http://sberex.com/dero,7,2320
http://plura.llama.horse/b2b,2,2321
https://krb.cryptonote.club,18,2322
http://italo.poolmining.it,15,2323
http://xrn.impool.pro,114,2324
https://xmr.waterhole.io,1,2325
https://mine.drgl.online,171,2326
https://drgl.cool-pool.net,171,2327
https://www.coinsforhash.com/dragonglass,171,2328
https://cx.cryptomine.cx,138,2329
https://cx.thepiratemine.nl,138,2330
https://www.coinsforhash.com/catalyst,138,2331
http://185.204.0.187,305,2332
http://dyngepeng.zapto.org/WRKZ,143,2333
http://wrkz-pool.stroppyscryptos.net,143,2334
https://conceal.smartcoinpool.com,142,2335
http://wow.aiwakuang.cn,67,2336
https://wownero.smartcoinpool.com,67,2337
http://ryo.aiwakuang.cn,131,2338
https://xmr.mining.garden,1,2339
https://xmv.mining.garden,103,2340
http://bitsum.poolmining.it,47,2341
https://zent.gonspool.com,301,2342
http://dyngepeng.zapto.org/FRED,219,2343
http://dyngepeng.zapto.org/DEROGOLD-new,272,2344
http://oscillatepool.sytes.net/website/,306,2345
http://aeonclassic.poolmining.it,263,2346
https://conceal.luckypool.io,142,2347
https://pool2.elphyrecoin.xyz,235,2348
http://dego-pool.stroppyscryptos.net,272,2349
http://upx.kiramine.com,237,2350
https://tych.cryptonote.club,57,2351
http://hellominer.com/XMR/XmrHome.aspx,1,2352
https://xmlc.pool.flowmine.xyz,263,2353
https://asiapool.io/bbscoin,58,2354
https://cx.pool.flowmine.xyz,138,2355
https://hitc.enigma-mining.de,286,2356
https://ccx-us.bluerockpools.net,142,2357
http://xelaminingpool.zd.fr,178,2358
https://hitc-bk.cryptomine.cx,286,2359
http://upx.hashing.center,237,2360
https://graftsupport.com,12,2361
http://arq.xmlc.llama.horse/xmlc,263,2362
http://arq.xmlc.llama.horse,137,2363
https://mox.fairhash.org,175,2364
http://ryo.newpool.cool,131,2365
http://xun.newpool.cool,34,2366
http://xavieron.us/catalyst,138,2367
https://pool.bitcoinmono.io,294,2368
https://elph.cryptocoins-digging.space,235,2369
https://webcn.cc-poolz.com,213,2370
http://myxmr.rf.gd,1,2371
https://xzrm.com/pool?coin=xmr,1,2372
https://qrl.miningocean.org,157,2373
https://xtri.codpool.com,41,2374
https://plenteum.smartcoinpool.com,179,2375
https://triton.smartcoinpool.com,14,2376
https://arqma-bitsum.smartcoinpool.com,47,2377
https://arqma-bitsum.smartcoinpool.com,137,2378
https://webhitc.semipool.com,286,2379
https://qwc.cryptonote.club,23,2380
http://xelaminingpool.zd.fr,235,2381
http://xcash.vnpools.tk,178,2384
http://pk.alfapool.live/penny,107,2386
https://electroneum.fairhash.org/api,9,2389
https://electroneum.fairhash.org/api,9,2390
http://wrkz-pool.stroppyscryptos.net,143,2391
https://ccx-us.bluerockpools.net,142,2392
https://ccx.go-mine.it,142,2393
https://masari.miner.rocks,19,2394
https://msr.go-mine.it,19,2395
http://dyngepeng.zapto.org/DEROGOLD,272,2396
https://mox.fairhash.net,175,2397
http://ny.minetrtl.us,29,2398
https://turtle.miner.rocks,29,2399
http://xao.jbarbieri.net,30,2400
http://alloy.poolmining.it,30,2401
http://bestupxpool.sytes.net,237,2402
http://www.x-cash.us,178,2403
http://xca.hashparty.net,178,2404
https://newpool.pw/xcash,178,2405
https://communitypool.org/xcash,178,2406
https://disjampools.us/xcash,178,2407
https://cnpool.cc/xcash,178,2408
http://marketcash.poolmining.it,71,2409
https://bytecoin.fairhash.org/api,3,2410
http://xavieron.us/nibble,256,2411
http://lightchain.poolmining.it,263,2412
http://the-miners.de/CX,138,2413
http://wrkz.stroppy.tk,143,2414
https://flyhash.cc/conceal,142,2415
http://dego.stroppy.tk,272,2416
https://dego.cryptonote.club,272,2417
http://trtl.stroppy.tk,29,2418
https://upx.miningocean.org,237,2419
https://xeonbit.fairhash.org,264,2420
http://tyche.cryptomasterpool.com,57,2421
https://flyhash.cc/mutex,112,2422
http://xmr.newpool.cool,1,2423
https://monero.blockfoundry.org,1,2424
http://207.180.227.127,171,2425
http://minersrepublic.com/bsm,47,2426
https://webxun.semipool.com,34,2427
http://the-miners.de/NaCa,300,2428
https://flyhash.cc/bbscoin,58,2429
https://cx.enigma-mining.de,138,2430
http://plura.alfapool.live/plura,21,2431
http://dyngepeng.zapto.org/MCN,189,2432
https://infinium8.minercountry.com,189,2433
https://www.coinsforhash.com/remix,197,2434
https://etn.cryptonote.club,9,2435
https://remix-pool.com,197,2436
http://lthn.newpool.cool,16,2437
https://disjampools.us/uplexa,237,2438
http://etn.alfapool.live/elec,9,2439
https://cnpool.cc/tmy,280,2440
https://tmy.cryptonote.club,280,2441
https://inx.cryptonote.club,284,2442
https://communitypool.org/inc-b2b,81,2443
http://pool.bitcoinnova.org,93,2444
http://btn-new.gonspool.com,93,2445
http://149.202.44.54,93,2446
http://superblockchain.con-ip.com/btn,93,2447
https://scsx.gonspool.com,299,2448
https://fastpool.xyz/scsx,299,2449
https://scsx.cryptonote.club,299,2450
http://xnb.alfapool.live/xeonbit,264,2451
http://qwc.alfapool.live/qwc,23,2452
http://cx.stroppy.tk,138,2453
http://the-miners.de/BTCH,308,2454
https://btch.cryptonote.club,308,2455
https://osc.pool.flowmine.xyz,306,2456
http://osc.llama.horse,306,2457
http://osc.line-pool.ru,306,2458
https://pool.croat.pro,75,2459
https://fed.cryptonote.club,223,2460
http://zls.kiramine.com,217,2461
https://keg-pool.twisted-networks.com,305,2462
https://keg.pool.flowmine.xyz,305,2463
http://keg.mine2.live,305,2464
https://keg.cryptonote.club,305,2465
https://keg.mining.garden,305,2466
http://pool.cryptotraderscash.org,302,2467
https://ctrs.cryptonote.club,302,2468
https://zelerius.fairhash.org,217,2469
https://coinpoolit.webhop.me/trtl,29,2470
https://easyhash.pro/invc,282,2471
https://fastpool.xyz/arq+xcy,231,2472
https://www.coinsforhash.com/nashcash,300,2473
https://fastpool.xyz/arq+xcy,137,2474
http://pool.bitcoinhekaton.com,308,2475
https://pool2.elphyrecoin.xyz,303,2476
http://xavieron.us/elphyrecoin,303,2477
https://elph.cryptocoins-digging.space,303,2478
http://xelaminingpool.zd.fr,303,2479
https://www.coinsforhash.com/elphyre,303,2480
http://inv.alfapool.live/inv,282,2481
https://loki.kiramine.com,100,2482
https://weblok.semipool.com,100,2483
http://nbx.stroppy.tk,256,2484
https://naca.cryptocoins-digging.space,300,2485
https://pool.worktips.xyz,52,2486
https://www.coinsforhash.com/cryptotraders,302,2487
https://pool.obscure.im,309,2488
https://xsc-pool.rplant.xyz,309,2489
https://xsc.luckypool.io,309,2490
https://cnpool.cc/xsc,309,2491
https://tftn.cryptonote.club,310,2492
http://www.tft-network.com/pool,310,2493
https://loki.smartcoinpool.com,29,2494
https://communitypool.org/mcn,189,2495
https://communitypool.org/inc-mcn,81,2496
https://cnpool.cc/xtri,41,2497
https://fred.bluerockpools.net,219,2498
http://pool.simplycoin.eu/,311,2499
https://zls.profitbotpro.com,217,2500
https://weblok2.semipool.com,100,2501
http://xcash.envy-labs.com,178,2502
http://pool2.simplycoin.eu,311,2503
https://communitypool.org/sip,311,2504
https://havenbloc.herominers.com,31,2505
https://havenbloc.herominers.com,113,2506
https://fury.altaran.us,224,2507
https://cn.gpumining.ir/parsicoin,95,2508
https://torque.herominers.com,33,2509
http://xun.envy-labs.com,34,2510
http://masariza.ddns.net,19,2511
https://mkt.profitbotpro.com,71,2512
https://lokiturtle.herominers.com,100,2513
https://loki.hackerknowledge.de,100,2514
https://lokiturtle.herominers.com,29,2515
https://mox.miningocean.org,175,2516
http://the-miners.de/HITC,294,2517
https://fastpool.xyz/btcm+fred,294,2518
https://conceal.blockfoundry.org,142,2519
https://pool.hitrust.id,286,2520
https://hitc.bluerockpools.net,286,2521
http://sumo.alfapool.live/sumo,26,2522
https://lab.antpool.com,9,2523
http://x12merged.avensat.com,2,2524
http://x12merged.avensat.com,148,2525
https://pk.minercountry.com,189,2526
https://ryopool.eu,131,2527
https://trd.profitbotpro.com,281,2528
https://fastpool.xyz/ple,179,2529
https://xcy.hackerknowledge.de,231,2530
https://xcy.profitbotpro.com,231,2531
https://cnpool.cc/nbx,256,2532
https://securecash.my-mining-pool.de,299,2533
https://arms.profitbotpro.com,180,2534
https://xun.hackerknowledge.de,34,2535
http://the-miners.de/merge,300,2536
https://naca.profitbotpro.com,300,2537
http://minersrepublic.com/naca,300,2538
https://fastpool.xyz/btcm+fred,219,2539
http://the-miners.de/merge,137,2540
http://xavieron.us/kegcoin,305,2541
http://kegcoin.tk/pool,305,2542
https://osc.llama.horse,294,2543
http://btcmelph.newpool.xyz,294,2544
http://btcmelph.newpool.xyz,235,2545
https://fastpool.xyz/bmdego,272,2546
https://fastpool.xyz/lokidego,272,2547
https://fastpool.xyz/lokifred,219,2548
https://fred.profitbotpro.com,219,2549
https://obscure.herominers.com,309,2550
https://fastpool.xyz/lokifred,100,2551
https://osc.llama.horse/osc,306,2552
https://fur.piratepools.nl,224,2553
http://pars.ms-pool.net.ua,95,2554
https://ryo.profitbotpro.com,131,2555
https://mox.profitbotpro.com,175,2556
https://masari.miningocean.org,19,2557
https://www.dxpool.com,9,2558
https://newpool.pw/croat,75,2559
https://sip.cryptonote.club,311,2560
https://fastpool.xyz/lokiple,179,2561
http://bcn-pool.us,34,2562
http://the-miners.de/XUN,34,2563
https://lcx.profitbotpro.com,263,2564
http://the-miners.de/XUN,300,2565
http://the-miners.de/KEG,137,2566
http://the-miners.de/KEG,305,2567
http://minersrepublic.com/keg,305,2568
https://lokielph.newpool.xyz,235,2569
http://wellgitu.xyz/hitc,286,2570
https://lokielph.newpool.xyz,100,2571
https://etnb2b.minercountry.com,9,2572
https://etnb2b.minercountry.com,2,2573
https://etnbcn.minercountry.com,3,2574
http://the-miners.de/TRTG,294,2575
https://cpa.piratepools.nl,199,2576
https://cnpool.cc/xmr,1,2577
https://www.dxpool.com,281,2578
https://www.dxpool.com,131,2579
https://www.dxpool.com,217,2580
https://www.dxpool.com,175,2581
https://www.dxpool.com,71,2582
https://www.zpool.ca,9,2583
https://cnpool.cc/xhv,31,2584
https://cnpool.cc/bloc,113,2585
https://www.dxpool.com,231,2586
https://www.dxpool.com,180,2587
https://www.dxpool.com,263,2588
https://www.dxpool.com,300,2589
https://wrkz.turbomine.co,143,2590
https://wrkz.llama.horse,143,2591
https://tlrmwrkz.merged.stx.nl,143,2592
https://tlrmelph.merged.stx.nl,235,2593
https://tlrmdego.merged.stx.nl,272,2594
https://tlrmfred.merged.stx.nl,219,2595
http://the-miners.de/TLMR,286,2596
http://the-miners.de/XTNC,286,2597
https://tlrmtrtl.merged.stx.nl,29,2598
https://xtendcash.herominers.com,29,2599
https://publicnode.ydns.eu,29,2600
https://tlrmple.merged.stx.nl,179,2601
https://cnpool.cc/ple,179,2602
https://wtip.multipools.online,52,2603
https://webwtip.semipool.com,52,2604
https://lokitrtg.newpool.xyz,100,2605
https://zls.cryptohispano.net,217,2606
https://msr-pool.theskynet.xyz,19,2607
https://fury.piratepools.nl,224,2608
https://www.dxpool.com,7,2609
https://invc.cryptonote.club,282,2610
https://communitypool.org/ksn,169,2611
https://ksn.profitbotpro.com,169,2612
https://idpool.majanetwork.com/tube,13,2613
https://xtri.luckypool.io,41,2614
https://triton.hashvault.pro,41,2615
https://xtri.luckypool.io,222,2616
https://ttnz.profitbotpro.com,222,2617
https://iridium.hashvault.pro,14,2618
http://hydra.xripx.com,52,2619
https://loki.mine2gether.com,100,2620
https://fastpool.xyz/xtriztc,41,2621
https://fastpool.xyz/xtriztc,301,2622
https://fastpool.xyz/arqztc,137,2623
https://fastpool.xyz/btcmxcy,294,2624
http://pool.cardashiancoin.com,308,2625
https://webbtch.semipool.com,308,2626
https://xtncelph.newpool.xyz,235,2627
http://loki-elph.cryptocoins-digging.space,235,2628
https://webfred.semipool.com,219,2629
https://keg.turbomine.co,305,2630
http://keg.exotale.com,305,2631
https://webkeg.semipool.com,305,2632
https://communitypool.org/keg,305,2633
https://loki.luckypool.io,222,2634
https://tlrmttnz.merged.stx.nl,222,2635
http://hydra.xripx.com,179,2636
http://xtnc-ple.cryptocoins-digging.space,179,2637
https://xtncple.herominers.com,179,2638
https://plenteum.herominers.com,179,2639
https://fastpool.xyz/btcmxcy,231,2640
https://tlrmxcy.merged.stx.nl,231,2641
https://webxcy.semipool.com,231,2642
https://cnpool.cc/wtip,52,2643
http://loki-elph.cryptocoins-digging.space,100,2644
https://loki.luckypool.io,100,2645
https://lokitl.merged.stx.nl,100,2646
https://plenteum.herominers.com,100,2647
https://tlrmosc.turbomine.co,306,2648
https://xmr.rupool.org,1,2649
http://aphotify.com,1,2650
https://xmr.cryptonote.club,1,2651
http://xmv.pool-pay.com,103,2652
http://graftpool.site,12,2653
https://solo-pool.ryoblocks.com,131,2654
https://pool.aluisyo.network,304,2655
https://www.coinsforhash.com/aluisyo,304,2656
https://upx.mine2gether.com,237,2657
https://upx.bluerockpools.net,237,2658
http://coinscripts.online/upx,237,2659
https://upx.luckypool.io,237,2660
http://xcash.eipool.pro,178,2661
http://45.76.213.148,264,2662
https://cnpool.cc/etn,9,2663
https://coinpoolit.webhop.me/croat,75,2664
https://croat.cryptonote.club,75,2665
https://cnpool.cc/croat,75,2666
https://cn.llama.horse,2,2667
https://cn.llama.horse,168,2668
https://cn.llama.horse,18,2669
http://merge.gonspool.com/dprmcn,189,2670
https://newpool.pw/xmc,135,2671
https://tube.mine.pro,13,2672
https://haven.luckypool.io,113,2673
https://triton.herominers.com,41,2674
https://webztc.semipool.com,301,2675
https://www.coinsforhash.com/btcnova,93,2676
https://naca.bluerockpools.net,300,2677
https://webarms.semipool.com,180,2678
https://fastpool.xyz/xtriscsx,299,2679
https://webscsx.semipool.com,299,2680
https://triton.herominers.com,14,2681
https://btcn.llama.horse,42,2682
https://webbsm.semipool.com,47,2683
https://webnbx.semipool.com,256,2684
https://elph.llama.horse,235,2685
http://hitc.cnhub.de,286,2686
https://wtips.minercountry.com,231,2687
https://tlrmosc.turbomine.co,231,2688
https://wtips.minercountry.com,52,2689
http://wtip.altervista.org,52,2690
http://pool.oscillate.co.in,306,2691
https://sumo.cryptonote.club,26,2692
http://pyr.pool-pay.com,61,2693
http://graft.pool-pay.com,12,2694
https://anx.cryptonote.club,304,2695
http://upx.eipool.pro,237,2696
https://pool.supportfurycoin.com,224,2697
https://qwertycoin.fairhash.org,23,2698
https://b2b.cryptonote.club,2,2699
https://wtipmcn.minercountry.com,189,2700
http://merge.gonspool.com/infmcn,189,2701
https://xmc.cryptonote.club,135,2702
https://communitypool.org/ksn-2,169,2703
https://coinscripts.online/arq,137,2704
https://cnpool.cc/arms,180,2705
https://cryptonote.social/lcx,263,2706
https://btor.llama.horse,216,2707
